restId,restName,restArea,restRating,minRevCount,itemCat,itemName,itemPrice,itemDesc,itemBest,itemDescClean,itemNameClean,termImp,descLength,nameLength
0,Chai Point,Villaymma Layouts,4.3,1000,Cold Beverage,Lemon Ice Chai - 300ml,140,Our best tea leaves brewed and served cold with the goodness of fresh lemon juice.,0,best tea leaves brewed served cold goodness fresh lemon juice,lemon ice chai,served cold juice,10,3
0,Chai Point,Villaymma Layouts,4.3,1000,Breakfast and Snacks,Freshly Made Vada Pav,85,A Mumbai Favorite That Goes Well With Chai.,1,mumbai favorite goes chai,freshly vada pav,favorite goes mumbai,4,3
0,Chai Point,Villaymma Layouts,4.3,1000,Peppy Parathas,Anda Chicken Seekh Roll Combo,249,Elaichi Chai Uniflask serves 1 to 2 With Peppy Anda chicken Seehkh Roll,0,elaichi chai uniflask serves peppy anda chicken seehkh roll,anda chicken seekh roll combo,elaichi peppy seehkh,9,5
0,Chai Point,Villaymma Layouts,4.3,1000,Peppy Parathas,Double Anda Roll Combo,229,Elaichi Chai Uniflask serves 1 to 2 With Double Anda Peppy Roll,0,elaichi chai uniflask serves double anda peppy roll,double anda roll combo,peppy elaichi uniflask,8,4
0,Chai Point,Villaymma Layouts,4.3,1000,Peppy Parathas,Anda Paratha Combo,229,Ginger Chai Uniflask( serves 1-2) with Anda Peppy Paratha.,0,ginger chai uniflask serves anda peppy paratha,anda paratha combo,anda peppy uniflask,7,3
0,Chai Point,Villaymma Layouts,4.3,1000,Peppy Parathas,Anda Cheese Paratha Combo ,239,"Crispy, crunchy layered parantha topped with a fluffy omelette. Enjoyed best with our signature Achari Mango chutney, Mint Cilantro chutney and salted butter chiplet and Fresh hand pounded ginger is added to your Chai and brewed to perfection. Made with fresh milk and the best tea leaves from Assam.",0,crispy crunchy layered parantha topped fluffy omelette enjoyed best signature achari mango chutney mint cilantro chutney salted butter chiplet fresh hand pounded ginger added chai brewed perfection fresh milk best tea leaves assam,anda cheese paratha combo,salted parantha chutney,33,4
0,Chai Point,Villaymma Layouts,4.3,1000,Peppy Parathas,Anda Peppy Paratha In Wheat Flour (Atta),170,"Crispy, crunchy layered paratha topped with a fluffy omelette. Enjoyed best with our signature spicy mango chutney, mint Cilantro chutney and  butter chiplet.",0,crispy crunchy layered paratha topped fluffy omelette enjoyed best signature spicy mango chutney mint cilantro chutney butter chiplet,anda peppy paratha wheat flour atta,cilantro fluffy chutney,18,6
0,Chai Point,Villaymma Layouts,4.3,1000,Peppy Parathas,Anda Peppy Paratha With Cheese In Wheat Flour (Atta),179,"Molten cheese and scrumptious eggs sandwiched between layers of delicious paratha with a tang. Enjoyed best with our signature spicy mango chutney, mint Cilantro chutney and butter chiplet.",0,molten cheese scrumptious eggs sandwiched layers delicious paratha tang enjoyed best signature spicy mango chutney mint cilantro chutney butter chiplet,anda peppy paratha cheese wheat flour atta,molten scrumptious chutney,20,7
0,Chai Point,Villaymma Layouts,4.3,1000,Peppy Parathas,Anda Peppy Paratha,160,"Crispy, crunchy layered paratha topped with a fluffy omelette. Enjoyed best with our signature spicy mango chutney, mint Cilantro chutney and  butter chiplet.",0,crispy crunchy layered paratha topped fluffy omelette enjoyed best signature spicy mango chutney mint cilantro chutney butter chiplet,anda peppy paratha,cilantro fluffy chutney,18,3
0,Chai Point,Villaymma Layouts,4.3,1000,Peppy Parathas,Anda Peppy Paratha With Cheese,180,"Molten cheese and scrumptious eggs sandwiched between layers of delicious paratha with a tang. Enjoyed best with our signature spicy mango chutney, mint Cilantro chutney and butter chiplet.",0,molten cheese scrumptious eggs sandwiched layers delicious paratha tang enjoyed best signature spicy mango chutney mint cilantro chutney butter chiplet,anda peppy paratha cheese,molten scrumptious chutney,20,4
0,Chai Point,Villaymma Layouts,4.3,1000,Peppy Parathas,Loaded Aloo Peppy Paratha,179,"Punjabi - spiced mashed potato along with Onion , spiced chilli - green with red and black pepper, stuffed paratha, Served with our signature spicy mango chutney, sweet mango chunda , butter chiplet and curd.",0,punjabi spiced mashed potato onion spiced chilli green red black pepper stuffed paratha served signature spicy mango chutney sweet mango chunda butter chiplet curd,loaded aloo peppy paratha,mashed mango spiced,24,4
0,Chai Point,Villaymma Layouts,4.3,1000,Peppy Parathas,Loaded Paneer Peppy Paratha,209,"Malai paneer stuffed cheese-filled, fresh-herb paratha. Best enjoyed with our signature spicy mango chutney, sweet mango Chunda, butter chiplet and curd.",0,malai paneer stuffed cheese filled fresh herb paratha best enjoyed signature spicy mango chutney sweet mango chunda butter chiplet curd,loaded paneer peppy paratha,malai herb mango,20,4
0,Chai Point,Villaymma Layouts,4.3,1000,Peppy Parathas,Loaded Pyaaz Peppy Paratha,190,"Fine chopped Onion , spiced chilli - green along with red and black pepper, mustard seeds and oil, lemon zest and other spices , stuffed paratha , Served with our signature spicy mango chutney, sweet mango chunda , butter chiplet and curd.",0,fine chopped onion spiced chilli green red black pepper mustard seeds oil lemon zest spices stuffed paratha served signature spicy mango chutney sweet mango chunda butter chiplet curd,loaded pyaaz peppy paratha,oil fine mango,28,4
0,Chai Point,Villaymma Layouts,4.3,1000,Peppy Parathas,Anda Chicken Seekh Peppy Roll,180,"Mildly spiced chicken seekh kebab, drizzled with mint, tandoori mayo, served with a sprinkle of Chaat Masala.",0,mildly spiced chicken seekh kebab drizzled mint tandoori mayo served sprinkle chaat masala,anda chicken seekh peppy roll,seekh drizzled kebab,13,5
0,Chai Point,Villaymma Layouts,4.3,1000,Breakfast and Snacks,Grilled Chicken Tikka Sandwich,179,"Succulent chicken tikka seasoned with curd, red chillies, capsicum and onions stuffed in oven-fresh bread.",0,succulent chicken tikka seasoned curd red chillies capsicum onions stuffed oven fresh bread,grilled chicken tikka sandwich,chillies succulent capsicum,13,4
0,Chai Point,Villaymma Layouts,4.3,1000,Peppy Parathas,Aloo Tikki Peppy Roll,150,"Perfectly made potato cutlets wrapped inside a paratha drizzled with mint, tandoori mayo, served with a sprinkle of Chaat masala.",0,perfectly potato cutlets wrapped inside paratha drizzled mint tandoori mayo served sprinkle chaat masala,aloo tikki peppy roll,inside drizzled cutlets,14,4
0,Chai Point,Villaymma Layouts,4.3,1000,Peppy Parathas,Aloo Tikki Peppy Roll In Wheat Flour (Atta),160,"Perfectly made potato cutlets wrapped inside a paratha drizzled with mint, tandoori mayo, served with a sprinkle of Chaat masala.",0,perfectly potato cutlets wrapped inside paratha drizzled mint tandoori mayo served sprinkle chaat masala,aloo tikki peppy roll wheat flour atta,inside drizzled cutlets,14,7
0,Chai Point,Villaymma Layouts,4.3,1000,Peppy Parathas,Anda Chicken Seekh Peppy Roll In Wheat Flour (Atta),190,"Mildly spiced chicken seekh kebab, drizzled with mint, tandoori mayo, served with a sprinkle of Chaat Masala.",0,mildly spiced chicken seekh kebab drizzled mint tandoori mayo served sprinkle chaat masala,anda chicken seekh peppy roll wheat flour atta,seekh drizzled kebab,13,8
0,Chai Point,Villaymma Layouts,4.3,1000,Peppy Parathas,Double Anda Peppy Roll,160,"Crispy, crunchy Double layered Egg Roll ,enjoyed best with Mint,tandoori mayo , served with a sprinkle of Chaat masala.",0,crispy crunchy double layered egg roll enjoyed best mint tandoori mayo served sprinkle chaat masala,double anda peppy roll,chaat egg sprinkle,15,4
0,Chai Point,Villaymma Layouts,4.3,1000,Peppy Parathas,Murgh Methi & Peppy Paratha In Wheat Flour (Atta),305,"A Nawabi-style preparation of tender chicken chunks, mildly spiced & simmered in a green coriander & fenugreek gravy with fresh cream and curd.Served with 2 soft paratha.",0,nawabi style preparation tender chicken chunks mildly spiced simmered green coriander fenugreek gravy fresh cream curd served soft paratha,murgh methi peppy paratha wheat flour atta,style nawabi fenugreek,19,7
0,Chai Point,Villaymma Layouts,4.3,1000,Peppy Parathas,Darbari Chicken & Peppy Paratha In Wheat Flour (Atta),305,A royal preparation of tender chicken chunks tempered in a butter-loaded tomato & fresh cream gravy.Served with 2 soft paratha. ,0,royal preparation tender chicken chunks tempered butter loaded tomato fresh cream gravy served soft paratha,darbari chicken peppy paratha wheat flour atta,tender tempered royal,15,7
0,Chai Point,Villaymma Layouts,4.3,1000,Peppy Parathas,Rajma Masala & Peppy Paratha In Wheat Flour (Atta),209,"An authentic North Indian delicacy - red kidney beans simmered in a mildly spiced tomato & onion gravy with a distinctly desi flavour and aroma.Served with 2 soft paratha,",0,authentic north indian delicacy red kidney beans simmered mildly spiced tomato onion gravy distinctly desi flavour aroma served soft paratha,rajma masala peppy paratha wheat flour atta,aroma kidney delicacy,20,7
0,Chai Point,Villaymma Layouts,4.3,1000,Peppy Parathas,Murgh Methi & Peppy Paratha,275,"A Nawabi-style preparation of tender chicken chunks, mildly spiced & simmered in a green coriander & fenugreek gravy with fresh cream and curd.Served with 2 soft paratha.",0,nawabi style preparation tender chicken chunks mildly spiced simmered green coriander fenugreek gravy fresh cream curd served soft paratha,murgh methi peppy paratha,style nawabi fenugreek,19,4
0,Chai Point,Villaymma Layouts,4.3,1000,Peppy Parathas,Darbari Chicken & Peppy Paratha,275,A royal preparation of tender chicken chunks tempered in a butter-loaded tomato & fresh cream gravy.Served with 2 soft paratha.,0,royal preparation tender chicken chunks tempered butter loaded tomato fresh cream gravy served soft paratha,darbari chicken peppy paratha,tender tempered royal,15,4
0,Chai Point,Villaymma Layouts,4.3,1000,Peppy Parathas,Rajma Masala & Peppy Paratha,179,An authentic North Indian delicacy - red kidney beans simmered in a mildly spiced tomato & onion gravy with a distinctly desi flavour and aroma.Served with 2 soft paratha.,0,authentic north indian delicacy red kidney beans simmered mildly spiced tomato onion gravy distinctly desi flavour aroma served soft paratha,rajma masala peppy paratha,aroma kidney delicacy,20,4
0,Chai Point,Villaymma Layouts,4.3,1000,Guilt Free,Multigrain Biscuit,17,"This multigrain biscuit is packed with the goodness of super grains like ragi, oats, wheat and rice. Almonds, desiccated coconuts, honey and butter give it a delicious flavour that will leave you craving for more.",0,multigrain biscuit packed goodness super grains like ragi oats wheat rice almonds desiccated coconuts honey butter delicious flavour leave craving,multigrain biscuit,ragi desiccated multigrain,20,2
0,Chai Point,Villaymma Layouts,4.3,1000,Guilt Free,Ginger Lemon Chai - Uniflask (Serves 1-2),115,Ginger helps ease the cold or flu and relieves nausea. Lemon strengthens your immune system and helps fight the common cold.Fresh hand pounded ginger and lemon juice is added to your Chai and brewed to perfection. Made with fresh tea leaves sourced from the best gardens.,0,ginger helps ease cold flu relieves nausea lemon strengthens immune helps fight common cold fresh hand pounded ginger lemon juice added chai brewed perfection fresh tea leaves sourced best gardens,ginger lemon chai uniflask serves,ginger cold helps,30,5
0,Chai Point,Villaymma Layouts,4.3,1000,Guilt Free,Sugarless Chai - Uniflask (Serves 1-2),115,"The freshest tea leaves sourced from the finest estates, brewed with fresh milk without added sugar for a health-conscious beverage.",0,freshest tea leaves sourced finest estates brewed fresh milk added sugar health conscious beverage,sugarless chai uniflask serves,estates conscious health,14,4
0,Chai Point,Villaymma Layouts,4.3,1000,Guilt Free,Ajwain And Saunf Chai - UniFlask (Serves 1-2),115,Ajwain provides relief from coughing and improves airflow to the lungs. Saunf when added in Chai aids with cough and congestion relief.The goodness of fresh carom & fennel seeds added to your Chai and brewed to perfection. Made with fresh milk and the best tea leaves from Assam.,0,ajwain provides relief coughing improves airflow lungs saunf added chai aids cough congestion relief goodness fresh carom fennel seeds added chai brewed perfection fresh milk best tea leaves assam,ajwain saunf chai uniflask serves,fresh added relief,29,5
0,Chai Point,Villaymma Layouts,4.3,1000,Peppy Parathas,Double Anda Peppy Roll In Wheat Flour (Atta),170,"Crispy, crunchy Double layered Egg Roll ,enjoyed best with Mint,tandoori mayo , served with a sprinkle of Chaat masala.",0,crispy crunchy double layered egg roll enjoyed best mint tandoori mayo served sprinkle chaat masala,double anda peppy roll wheat flour atta,chaat egg sprinkle,15,7
0,Chai Point,Villaymma Layouts,4.3,1000,Guilt Free,Ajwain And Saunf Chai Mini Flask ( Serves 4-5),185,Ajwain provides relief from coughing and improves airflow to the lungs. Saunf when added in Chai aids with cough and congestion relief.The goodness of fresh carom & fennel seeds added to your Chai and brewed to perfection. Made with fresh milk and the best tea leaves from Assam.,0,ajwain provides relief coughing improves airflow lungs saunf added chai aids cough congestion relief goodness fresh carom fennel seeds added chai brewed perfection fresh milk best tea leaves assam,ajwain saunf chai mini flask serves,fresh added relief,29,6
0,Chai Point,Villaymma Layouts,4.3,1000,Breakfast and Snacks,Grilled Smoked Chicken Sandwich,185,Wood smoked creamed chicken stuffed in marble bread.,0,wood smoked creamed chicken stuffed marble bread,grilled smoked chicken sandwich,creamed wood marble,7,4
0,Chai Point,Villaymma Layouts,4.3,1000,Breakfast and Snacks,Egg Puff,80,The goodness of a boiled egg mixed with spices and onions in a classic puff.,1,goodness boiled egg mixed spices onions classic puff,egg puff,mixed onions puff,8,2
0,Chai Point,Villaymma Layouts,4.3,1000,Cold Beverage,Cranberry Ice Chai - 300ml,140,Let the tanginess of cranberry and the strength of our brew refresh you with each sip.,0,let tanginess cranberry strength brew refresh sip,cranberry ice chai,tanginess strength let,7,3
0,Chai Point,Villaymma Layouts,4.3,1000,Cold Beverage,Peach Ice Chai,140,A hint of peach with our impeccably brewed Iced Chai. An excellent thirst quencher. Quantity: 300 ml. Serves one.,0,hint peach impeccably brewed iced chai excellent thirst quencher quantity serves,peach ice chai,quantity impeccably excellent,11,3
0,Chai Point,Villaymma Layouts,4.3,1000,Cold Beverage,Kokum Ice Chai,139,A coastal edge of refreshing kokum juice blended with finely brewed tea served cold.,0,coastal edge refreshing kokum juice blended finely brewed tea served cold,kokum ice chai,kokum finely coastal,11,3
0,Chai Point,Villaymma Layouts,4.3,1000,Cold Beverage,Orange & Mint Ice Tea,160,"100% natural blend of freshly sourced oranges from Rajasthan,antioxidant rich black tea,a subtle hint of refreshing peppermint and Ice.",0,natural blend freshly sourced oranges rajasthan antioxidant rich black tea subtle hint refreshing peppermint ice,orange mint ice tea,peppermint oranges subtle,15,4
0,Chai Point,Villaymma Layouts,4.3,1000,Cold Beverage,Mango Shake - 300ml,140,"The naturally irresistible sweetness of alphonso mangoes blended with thick, fresh milk.",0,naturally irresistible sweetness alphonso mangoes blended fresh milk,mango shake,naturally mangoes irresistible,8,2
0,Chai Point,Villaymma Layouts,4.3,1000,Cold Beverage,Chocolate Shake - 300ml,140,"A treat for the chocolate-lover, our chocolate shake is made with actual chocolate fudge, blended with fresh milk to make a creamy, thick shake. Too good to resist.",0,treat chocolate lover chocolate shake actual chocolate fudge blended fresh milk creamy shake good resist,chocolate shake,actual shake chocolate,15,2
0,Chai Point,Villaymma Layouts,4.3,1000,Cold Beverage,Kesar Lassi,140,Almonds and Saffron in thick sweetened yogurt.,0,almonds saffron sweetened yogurt,kesar lassi,saffron sweetened yogurt,4,2
0,Chai Point,Villaymma Layouts,4.3,1000,Cold Beverage,Strawberry Banana Shake,140,Strawberry and Banana in a summer favourite milkshake,0,strawberry banana summer favourite milkshake,strawberry banana shake,strawberry milkshake summer,5,3
0,Chai Point,Villaymma Layouts,4.3,1000,Cold Beverage,Mango Lassi,140,"The naturally irresistible sweetness of alphonso mangoes blended with thick, fresh curd",0,naturally irresistible sweetness alphonso mangoes blended fresh curd,mango lassi,naturally mangoes irresistible,8,2
0,Chai Point,Villaymma Layouts,4.3,1000,Cold Beverage,Malai Lassi,140,"The goodness of green cardamom pounded and infused with thick, fresh curd.",0,goodness green cardamom pounded infused fresh curd,malai lassi,infused pounded curd,7,2
0,Chai Point,Villaymma Layouts,4.3,1000,Cold Beverage,Almond Filter Coffee,199,The wholesome goodness of almond milk meets the earthy sweetness of jaggery and the stimulating properties of filter coffee,0,wholesome goodness almond milk meets earthy sweetness jaggery stimulating properties filter coffee,almond filter coffee,stimulating properties meets,12,3
0,Chai Point,Villaymma Layouts,4.3,1000,Cold Beverage,Cold Filter Coffee (Normal Milk),140,Classic filter coffee served chilled for the tropical thirst.,0,classic filter coffee served chilled tropical thirst,cold filter coffee normal milk,thirst tropical chilled,7,5
0,Chai Point,Villaymma Layouts,4.3,1000,Cold Beverage,Caribbean MOOD,170,"Tropical favourites- Pineapple, mango and apple in an iced shake for the perfect summer break.",0,tropical favourites pineapple mango apple iced shake perfect summer break,caribbean mood,summer favourites pineapple,10,2
0,Chai Point,Villaymma Layouts,4.3,1000,Breakfast and Snacks,Grilled Paneer Tikka Sandwich,159,Juicy fresh paneer tikka chunks seasoned with curd and spices in oven-fresh bread.,0,juicy fresh paneer tikka chunks seasoned curd spices oven fresh bread,grilled paneer tikka sandwich,seasoned oven juicy,11,4
0,Chai Point,Villaymma Layouts,4.3,1000,Cold Beverage,VIBIN Mango,190,Sweetness of alphonso mango vibin' with whipped cream and mango swirl.,0,sweetness alphonso mango vibin whipped cream mango swirl,vibin mango,swirl vibin mango,8,2
0,Chai Point,Villaymma Layouts,4.3,1000,Cold Beverage,Choco BAE,210,"Indulgent chocolate fudge shake, topped with whipped cream, cookie crumbs and yummy chocolate sauce.",0,indulgent chocolate fudge shake topped whipped cream cookie crumbs yummy chocolate sauce,choco bae,yummy indulgent chocolate,12,2
0,Chai Point,Villaymma Layouts,4.3,1000,Cold Beverage,Peanut Butter FLEX,220,"Flexin the Peanut butter & chocolate fudge mix , garnished with chocolate syrup for that extra treat.",0,flexin peanut butter chocolate fudge mix garnished chocolate syrup extra treat,peanut butter flex,peanut flexin chocolate,11,3
0,Chai Point,Villaymma Layouts,4.3,1000,Cold Beverage,The OG Irish cream,199,The OG Irish cream,0,irish cream,irish cream,flask cream irish,2,2
0,Chai Point,Villaymma Layouts,4.3,1000,Cold Beverage,Hazelnut ON FLEEK,199,Hazelnut ON FLEEK,0,hazelnut fleek,hazelnut fleek,zinger fleek hazelnut,2,2
0,Chai Point,Villaymma Layouts,4.3,1000,Breakfast and Snacks,Cheese Maggi,120,Cheese Maggi,0,cheese maggi,cheese maggi,fight cheese maggi,2,2
0,Chai Point,Villaymma Layouts,4.3,1000,Breakfast and Snacks,Butter Maggi,109,A classic preparation of Maggi sprinkled with a dollop of butter.,1,classic preparation maggi sprinkled dollop butter,butter maggi,maggi sprinkled dollop,6,2
0,Chai Point,Villaymma Layouts,4.3,1000,Breakfast and Snacks,Sriracha Maggi,119,A classic preparation of Maggi with the added zest of spicy sriracha sauce,0,classic preparation maggi added zest spicy sriracha sauce,sriracha maggi,maggi sriracha zest,8,2
0,Chai Point,Villaymma Layouts,4.3,1000,Breakfast and Snacks,Classic Plain Maggi,100,"A classic favorite, original maggi.",1,classic favorite original maggi,classic plain maggi,maggi original favorite,4,3
0,Chai Point,Villaymma Layouts,4.3,1000,Breakfast and Snacks,Classic Veg Maggi,109,Classic Maggi tossed with an assortment of veggies.,1,classic maggi tossed assortment veggies,classic veg maggi,maggi assortment tossed,5,3
0,Chai Point,Villaymma Layouts,4.3,1000,Breakfast and Snacks,Plain Upma,120,"A traditional South Indian Breakfast upma is quick to rustle up. This delicious dish includes wheat semolina , desi ghee , cashew nuts , raisins , veggies of choice and other tempered ingredients.",0,traditional south indian breakfast upma quick rustle delicious dish includes wheat semolina desi ghee cashew nuts raisins veggies choice tempered ingredients,plain upma,dish breakfast south,21,2
0,Chai Point,Villaymma Layouts,4.3,1000,Breakfast and Snacks,Classic Poha,115,"Thick flattened rice with spiced onion, potato, roasted peanuts, and curry leaves. Flavored with the goodness of turmeric with a lemony zing. Served with Bhujia for that extra crunch.",1,flattened rice spiced onion potato roasted peanuts curry leaves flavored goodness turmeric lemony zing served bhujia extra crunch,classic poha,lemony zing peanuts,18,2
0,Chai Point,Villaymma Layouts,4.3,1000,Breakfast and Snacks,Samosa,60,A timeless Chai classic (1 piece served) ,0,timeless chai classic piece served,samosa,served timeless piece,5,1
0,Chai Point,Villaymma Layouts,4.3,1000,Breakfast and Snacks,Veg Puff,60,The earthy flavors of potato and beetroot mixed with spices in a classic puff.,1,earthy flavors potato beetroot mixed spices classic puff,veg puff,puff flavors beetroot,8,2
0,Chai Point,Villaymma Layouts,4.3,1000,Cold Beverage,Banana Strawberry BFF,200,The BFF duo- Strawberry & Banana in a thick milkshake topped with whipped cream and cookie crumbs.,0,bff duo strawberry banana milkshake topped whipped cream cookie crumbs,banana strawberry bff,milkshake crumbs bff,10,3
0,Chai Point,Villaymma Layouts,4.3,1000,Guilt Free,Ajwain And Saunf Chai Megaflask ( Serves 8 - 10),340,Ajwain provides relief from coughing and improves airflow to the lungs. Saunf when added in Chai aids with cough and congestion relief.The goodness of fresh carom & fennel seeds added to your Chai and brewed to perfection. Made with fresh milk and the best tea leaves from Assam.,0,ajwain provides relief coughing improves airflow lungs saunf added chai aids cough congestion relief goodness fresh carom fennel seeds added chai brewed perfection fresh milk best tea leaves assam,ajwain saunf chai megaflask serves,fresh added relief,29,5
0,Chai Point,Villaymma Layouts,4.3,1000,Guilt Free,Jaggery Hot Chocolate Uniflask,195,"The perfect drink to warm you up on a cold day. A hot and comforting drink made with cocoa powder, jaggery and skimmed milk with no added sugar.",0,perfect drink warm cold day hot comforting drink cocoa powder jaggery skimmed milk added sugar,jaggery hot chocolate uniflask,skimmed comforting drink,15,4
0,Chai Point,Villaymma Layouts,4.3,1000,Guilt Free,Jaggery Hot Chocolate Mini Flask,245,"Looking for something perfect to drink? A guilt-free hot chocolate made with cocoa powder, jaggery, no added sugar and skimmed milk!",0,looking perfect drink guilt free hot chocolate cocoa powder jaggery added sugar skimmed milk,jaggery hot chocolate mini flask,powder skimmed looking,14,5
0,Chai Point,Villaymma Layouts,4.3,1000,Sandwiches,Bun Samosa,105,"Soft, fresh bun stuffed with our signature samosa topped with spicy, sriracha sauce",0,soft fresh bun stuffed signature samosa topped spicy sriracha sauce,bun samosa,bun sriracha samosa,10,2
0,Chai Point,Villaymma Layouts,4.3,1000,Sandwiches,Masala Bun Maska,70,A desi treat with an Italian twist. Enjoy spicy chili flakes and the unique flavor of oregano.,0,desi treat italian twist enjoy spicy chili flakes unique flavor oregano,masala bun maska,oregano italian flakes,11,3
0,Chai Point,Villaymma Layouts,4.3,1000,Cakes,Banana Cake,109,Our signature recipe comprising of real banana pulp and soft cake,1,signature recipe comprising real banana pulp soft cake,banana cake,pulp recipe comprising,8,2
0,Chai Point,Villaymma Layouts,4.3,1000,Cakes,Double Choco Muffin,109,"Soft, fluffy chocolate muffin loaded with rich chocolate chips",0,soft fluffy chocolate muffin loaded rich chocolate chips,double choco muffin,chips muffin chocolate,8,3
0,Chai Point,Villaymma Layouts,4.3,1000,Cakes,Chai Masala Cake,109,A classic sponge cake with a savoury masala chai twist.,0,classic sponge cake savoury masala chai twist,chai masala cake,cake savoury sponge,7,3
0,Chai Point,Villaymma Layouts,4.3,1000,Packaged Goods,Ginger Instant Chai + Masala Biscuit + Multigrain Chai Biscuit,227,Ginger Instant Chai with Maslala Biscuit and Chai biscuit            Take an Instant Chai break with best selling Ginger chai accompanied with biscuits,0,ginger instant chai maslala biscuit chai biscuit instant chai break best selling ginger chai accompanied biscuits,ginger instant chai masala biscuit multigrain chai biscuit,chai instant biscuit,16,8
0,Chai Point,Villaymma Layouts,4.3,1000,Packaged Goods,30 Sec Chai (Monthly Pack),378,Instant Chai pack of 2 Ginger and Masala flavor 20 days of authentic chai prepared in seconds,0,instant chai pack ginger masala flavor days authentic chai prepared seconds,sec chai monthly pack,prepared seconds days,11,4
0,Chai Point,Villaymma Layouts,4.3,1000,Packaged Goods,Weekend Specials (Monthly Pack),333,Assam masala with 2 Cake Rusk Treat yourself with premium Indian masala chai,0,assam masala cake rusk treat premium indian masala chai,weekend specials monthly pack,rusk premium masala,9,4
0,Chai Point,Villaymma Layouts,4.3,1000,Packaged Goods,Ginger Instant Tea - MRP 199,169,"Zesty Ginger And Pure Assam Black Tea Bond In Your Cup To Create A Bold And Robust Blend Just The Way Ginger Chai Needs To Be. Indulge In A Drink That Is Warm, Soothing And Truly Easy To Fix.",0,zesty ginger pure assam black tea bond cup create bold robust blend way ginger chai needs indulge drink warm soothing truly easy fix,ginger instant tea mrp,soothing robust ginger,23,4
0,Chai Point,Villaymma Layouts,4.3,1000,Packaged Goods,Masala Instant Tea ( No Sugar) - MRP 199,169,"Aromatic Indian Spices And Pure Assam Black Tea Come Together To Create A Much- Loved Classic Spiced Tea Full Of Warmth And Flavour, With No Added Sugar Take Joy In A Cup Of Masala Chai That Is Rich, Authentic And Truly Easy To Fix.",0,aromatic indian spices pure assam black tea come create loved classic spiced tea warmth flavour added sugar joy cup masala chai rich authentic truly easy fix,masala instant tea sugar mrp,loved come joy,26,5
0,Chai Point,Villaymma Layouts,4.3,1000,Packaged Goods,Cardamom Instant Tea ( No Sugar) - MRP 199,169,"This Invigorating Combination Of Fragrant Cardamom And Pure Assam Black Tea Promise To Be Goodness In A Cup, With No Added Sugar Cardamom Chai That Is Truly Easy To Fix Perfectly To Savour Any Day, Any Time",0,invigorating combination fragrant cardamom pure assam black tea promise goodness cup added sugar cardamom chai truly easy fix perfectly savour day time,cardamom instant tea sugar mrp,savour promise cardamom,22,5
0,Chai Point,Villaymma Layouts,4.3,1000,Packaged Goods,Cardamom Instant Tea - MRP 199,169,"This Invigorating Combination Of Fragrant Cardamom And Pure Assam Black Tea Promise To Be Goodness In A Cup. Cardamom Chai That Is Truly Easy To Fix Perfectly To Savour Any Day, Any Time",0,invigorating combination fragrant cardamom pure assam black tea promise goodness cup cardamom chai truly easy fix perfectly savour day time,cardamom instant tea mrp,time combination cardamom,20,4
0,Chai Point,Villaymma Layouts,4.3,1000,Packaged Goods,Masala Instant Tea - MRP 199,169,"Aromatic Indian Spices And Pure Assam Black Tea Come Together To Create A Much- Loved Classic Spiced Tea Full Of Warmth And Flavour. Take Joy In A Cup Of Masala Chai That Is Rich, Authentic And Truly Easy To Fix",0,aromatic indian spices pure assam black tea come create loved classic spiced tea warmth flavour joy cup masala chai rich authentic truly easy fix,masala instant tea mrp,aromatic joy come,24,4
0,Chai Point,Villaymma Layouts,4.3,1000,Sandwiches,Bun Jam,85,Our rendition of the classic bun jam with the goodness of butter,0,rendition classic bun jam goodness butter,bun jam,bun jam rendition,6,2
0,Chai Point,Villaymma Layouts,4.3,1000,Packaged Goods,Instant Tea Assorted Pack,337,"Mixed Classics is an assorted pack of Ginger, Cardamom, Masala & Classic Instant Chai. Pick & choose as per your mood of the day!",0,mixed classics assorted pack ginger cardamom masala classic instant chai pick choose mood day,instant tea assorted pack,classics pick assorted,14,4
0,Chai Point,Villaymma Layouts,4.3,1000,Packaged Goods,Masala Biscuit,17,"Tasty masala treat for the taste bud. And when consumed with chai, thats taking things to a whole new level.",0,tasty masala treat taste bud consumed chai thats taking things new level,masala biscuit,things consumed bud,12,2
0,Chai Point,Villaymma Layouts,4.3,1000,Packaged Goods,Gur Pare - Family Pack.,112,"Revisit those sweet memories of celebrations & childhood nostalgia as you indulge in a sweet Chai break filled with gossip, stories & of course, a hot cup of Chai and our Home Style Gur Pare.",0,revisit sweet memories celebrations childhood nostalgia indulge sweet chai break filled gossip stories course hot cup chai home style gur pare,gur pare family pack,home pare sweet,21,4
0,Chai Point,Villaymma Layouts,4.3,1000,Packaged Goods,Multiseed Cookies - Family Pack,275,Goodness of rolled oats & power-packed with high protein seeds. Multiseed Oat Cookies are a crunchy delight for those seeking a guilt-free snack indulgence,0,goodness rolled oats power packed high protein seeds multiseed oat cookies crunchy delight seeking guilt free snack indulgence,multiseed cookies family pack,rolled oat power,18,4
0,Chai Point,Villaymma Layouts,4.3,1000,Packaged Goods,Ginger Turmeric Cookies - Family Pack.,275,"Crafted for a healthy & guilt-free indulgence, Ginger Turmeric Cookies are a go to option for those seeking a light & nutritious snack",0,crafted healthy guilt free indulgence ginger turmeric cookies option seeking light nutritious snack,ginger turmeric cookies family pack,snack seeking nutritious,13,5
0,Chai Point,Villaymma Layouts,4.3,1000,Packaged Goods,Filter Coffee Cookies - Family Pack.,275,"Made of oats & high-protein seeds with essence of coffee & a hint of cinnamon, the Filter Coffee Cookies are guilt free delight for all coffee lovers.",0,oats high protein seeds essence coffee hint cinnamon filter coffee cookies guilt free delight coffee lovers,filter coffee cookies family pack,essence lovers coffee,16,5
0,Chai Point,Villaymma Layouts,4.3,1000,Packaged Goods,Banana Chips,22,"Banana chips: Made from special nedran bananas from kerala, these savory chips are light and crunchy with a twist of exciting flavours.",0,banana chips special nedran bananas kerala savory chips light crunchy twist exciting flavours,banana chips,savory kerala chips,13,2
0,Chai Point,Villaymma Layouts,4.3,1000,Packaged Goods,Assam Masala Tea,286,"High quality tea picked from the choicest tea gardens in Assam blended with the flavours and aromas of six spices clove, cardamom, cinnamon, ginger, black pepper and starnise. Vacuum packed to retain freshness.",0,high quality tea picked choicest tea gardens assam blended flavours aromas spices clove cardamom cinnamon ginger black pepper starnise vacuum packed retain freshness,assam masala tea,choicest aromas starnise,23,3
0,Chai Point,Villaymma Layouts,4.3,1000,Packaged Goods,Assam Whole Leaf Green Tea,237,High-quality whole leaf green tea picked from the choicest tea gardens in Assam and rich in anti-oxidants. Vacuum packed to retain freshness. Conforming to global sustainability norms.,0,high quality leaf green tea picked choicest tea gardens assam rich anti oxidants vacuum packed retain freshness conforming global sustainability norms,assam leaf green tea,norms conforming global,21,4
0,Chai Point,Villaymma Layouts,4.3,1000,Packaged Goods,LLT Nilgiri Orthodox Black Tea,138,"Picked from the hills of the Nilgiris, this tea is dark, intensely aromatic, fragrant and flavoured. Perfect for a strong cup of black tea or to make a refreshing cup of lemon tea.",0,picked hills nilgiris tea dark intensely aromatic fragrant flavoured perfect strong cup black tea refreshing cup lemon tea,llt nilgiri orthodox black tea,intensely tea cup,18,5
0,Chai Point,Villaymma Layouts,4.3,1000,Packaged Goods,LLT Nilgiri Whole Leaf Green Tea,281,"Picked from the foothills of the Nilgiris, this Whole Leaf Green Tea is light and has a distinctively earthy flavour.",0,picked foothills nilgiris leaf green tea light distinctively earthy flavour,llt nilgiri leaf green tea,nilgiris distinctively foothills,10,5
0,Chai Point,Villaymma Layouts,4.3,1000,Packaged Goods,Saffron Turmeric Latte (Pack of 10),212,"Made with real spices such as cardamom, saffron, and turmeric.",0,real spices cardamom saffron turmeric,saffron turmeric latte pack,real saffron turmeric,5,4
0,Chai Point,Villaymma Layouts,4.3,1000,Packaged Goods,Desi Detox Green Tea (Pack of 15),169,"Desi Detox Green Tea is infused with the goodness of Tulsi, Black Pepper, Ginger, Himalayan Rock Salt, and Clove. ",0,desi detox green tea infused goodness tulsi black pepper ginger himalayan rock salt clove,desi detox green tea pack,himalayan salt detox,14,5
0,Chai Point,Villaymma Layouts,4.3,1000,Packaged Goods,Sipper Mug - Black (NEW),465,Sipper Mug - Black (NEW),0,sipper mug black new,sipper mug black new,new mug sipper,4,4
0,Chai Point,Villaymma Layouts,4.3,1000,Packaged Goods,Cake Rusk,24,"Try our cake rusk from our Made for Chai range. Baked, not fried!",0,try cake rusk chai range baked fried,cake rusk,range baked try,7,2
0,Chai Point,Villaymma Layouts,4.3,1000,Sandwiches,Freshly Made Bun Omelette,125,Freshly prepared omelette in a soft bun flavoured with mayonnaise and chilli sauce,0,freshly prepared omelette soft bun flavoured mayonnaise chilli sauce,freshly bun omelette,mayonnaise flavoured prepared,9,3
0,Chai Point,Villaymma Layouts,4.3,1000,Combos,Treat for 2 combo,289,Anda Peppy Paratha With Ginger Chai Mini Flask,0,anda peppy paratha ginger chai mini flask,treat combo,peppy flask mini,7,2
0,Chai Point,Villaymma Layouts,4.3,1000,Combos,Memory Combo,309,Anda Chicken Seekh peppy Roll With Elaichi Chai Mini Flask,0,anda chicken seekh peppy roll elaichi chai mini flask,memory combo,peppy mini seekh,9,2
0,Chai Point,Villaymma Layouts,4.3,1000,Guilt Free,Jaggery Hot Chocolate Mega Flask,349,"A hot and comforting drink made with cocoa powder, jaggery and skimmed milk and no added sugar - perfect for a refreshing drink",0,hot comforting drink cocoa powder jaggery skimmed milk added sugar perfect refreshing drink,jaggery hot chocolate mega flask,skimmed comforting drink,13,5
0,Chai Point,Villaymma Layouts,4.3,1000,Guilt Free,Smoked Chicken Whole Wheat Multigrain Sandwich,205,Kickstart your day with a wholesome and filling smoked chicken sandwich with whole wheat and multi-grain bread.,0,kickstart day wholesome filling smoked chicken sandwich wheat multi grain bread,smoked chicken wheat multigrain sandwich,filling smoked kickstart,11,5
0,Chai Point,Villaymma Layouts,4.3,1000,Guilt Free,Corn and Spinach Whole Wheat Multigrain Sandwich,195,"A yummy sandwich made with whole wheat and multi-grain bread with spinach, corn and your favourite spices and vegetables inside.",0,yummy sandwich wheat multi grain bread spinach corn favourite spices vegetables inside,corn spinach wheat multigrain sandwich,yummy spinach vegetables,12,5
0,Chai Point,Villaymma Layouts,4.3,1000,Guilt Free,Chicken Tikka Whole Wheat Multigrain Sandwich,205,"Delightful tikka sandwich made with whole wheat and multi-grain bread, stuffed with chicken and spices.",0,delightful tikka sandwich wheat multi grain bread stuffed chicken spices,chicken tikka wheat multigrain sandwich,grain multi delightful,10,5
0,Chai Point,Villaymma Layouts,4.3,1000,Guilt Free,Paneer Tikka Whole Wheat Multigrain Sandwich,174,A wholesome and filling sandwich made with whole wheat multi-grain bread filled with paneer tikka inside.,0,wholesome filling sandwich wheat multi grain bread filled paneer tikka inside,paneer tikka wheat multigrain sandwich,filled wholesome filling,11,5
0,Chai Point,Villaymma Layouts,4.3,1000,Guilt Free,Apple Raisin Oats,130,"A delicious bowl of sauteed oats, chopped apples, milk powder, raisins and cranberries, sweetened with jaggery.",0,delicious bowl sauteed oats chopped apples milk powder raisins cranberries sweetened jaggery,apple raisin oats,cranberries sauteed apples,12,3
0,Chai Point,Villaymma Layouts,4.3,1000,Guilt Free,Sugarless Filter Coffee - Uniflask (Serves 1-2),115,"Our filter coffee is an alternative to the sugary versions out there. Made with freshly ground coffee beans and no added sugar, this coffee is perfect for those looking for a guilt-free quencher.",0,filter coffee alternative sugary versions freshly ground coffee beans added sugar coffee perfect looking guilt free quencher,sugarless filter coffee uniflask serves,sugary alternative coffee,17,5
0,Chai Point,Villaymma Layouts,4.3,1000,Guilt Free,Sugarless Ginger  Lemon Ice Tea,140,"This ginger lemon ice tea is a warm and comforting beverage that is perfect for 1-2 people. The addition of earthy, fresh ginger to the loved desi tea gives this gluten-free drink with no added sugar a unique depth of flavour.",0,ginger lemon ice tea warm comforting beverage perfect people addition earthy fresh ginger loved desi tea gives gluten free drink added sugar unique depth flavour,sugarless ginger lemon ice tea,gluten addition ginger,25,5
0,Chai Point,Villaymma Layouts,4.3,1000,Guilt Free,Sugarless Lemon Ice Tea,140,This classic tea is a delicious Indian favourite. The refreshingly pleasant flavour of lemon with no added sugar.,0,classic tea delicious indian favourite refreshingly pleasant flavour lemon added sugar,sugarless lemon ice tea,favourite refreshingly pleasant,11,4
0,Chai Point,Villaymma Layouts,4.3,1000,Guilt Free,Sugarless Ginger Chai - Uniflask (Serves 1-2),115,"This refreshing ginger chai is made with tea leaves and earthy, zesty ginger. It's a warm, vegan brew that's perfect for 1-2 people and has no added sugar.",0,refreshing ginger chai tea leaves earthy zesty ginger warm vegan brew perfect people added sugar,sugarless ginger chai uniflask serves,people zesty ginger,15,5
0,Chai Point,Villaymma Layouts,4.3,1000,Guilt Free,Sugarless Masala Chai - Uniflask (Serves 1-2),115,"This classic Indian favourite tea is made with sweet, woody cinnamon and herbal cardamoms and cloves to create a perfect brew. It serves 1-2 and is a great guilt-free choice with no added sugar.",0,classic indian favourite tea sweet woody cinnamon herbal cardamoms cloves create perfect brew serves great guilt free choice added sugar,sugarless masala chai uniflask serves,herbal woody great,20,5
0,Chai Point,Villaymma Layouts,4.3,1000,Guilt Free,Sugarless Lemon Chai - Uniflask (Serves 1-2),115,This hot brew with a tangy lemon twist and no added sugar is a refreshing and vegan beverage. Take a sip to unwind after a long day.,0,hot brew tangy lemon twist added sugar refreshing vegan beverage sip unwind long day,sugarless lemon chai uniflask serves,tangy long unwind,14,5
0,Chai Point,Villaymma Layouts,4.3,1000,Guilt Free,Sugarless Ginger Lemon Chai - Uniflask (Serves 1-2),115,This refreshing tea is made with earthy and zesty ginger and tea leaves. It is a warm vegan brew with no added sugar that is perfect for 1-2 people.,0,refreshing tea earthy zesty ginger tea leaves warm vegan brew added sugar perfect people,sugarless ginger lemon chai uniflask serves,people vegan zesty,14,6
0,Chai Point,Villaymma Layouts,4.3,1000,Guilt Free,Ajwain and Saunf Chai Uniflask (No added Sugar),115,Ajwain provides relief from coughing and improves airflow to the lungs. Saunf when added in Chai aids with cough and congestion relief.The goodness of fresh carom & fennel seeds added to your Chai and brewed to perfection. Made with fresh milk and the best tea leaves from Assam. No added Sugar.,0,ajwain provides relief coughing improves airflow lungs saunf added chai aids cough congestion relief goodness fresh carom fennel seeds added chai brewed perfection fresh milk best tea leaves assam added sugar,ajwain saunf chai uniflask added sugar,fresh added relief,31,6
0,Chai Point,Villaymma Layouts,4.3,1000,Guilt Free,Ajwain And Saunf Chai Mini Flask (No Added Sugar),185,Ajwain provides relief from coughing and improves airflow to the lungs. Saunf when added in Chai aids with cough and congestion relief.The goodness of fresh carom & fennel seeds added to your Chai and brewed to perfection. Made with fresh milk and the best tea leaves from Assam. No Added Sugar.,0,ajwain provides relief coughing improves airflow lungs saunf added chai aids cough congestion relief goodness fresh carom fennel seeds added chai brewed perfection fresh milk best tea leaves assam added sugar,ajwain saunf chai mini flask added sugar,fresh added relief,31,7
0,Chai Point,Villaymma Layouts,4.3,1000,Guilt Free,Ajwain And Saunf Chai Mega Flask (No Added Sugar),340,Ajwain provides relief from coughing and improves airflow to the lungs. Saunf when added in Chai aids with cough and congestion relief.The goodness of fresh carom & fennel seeds added to your Chai and brewed to perfection. Made with fresh milk and the best tea leaves from Assam. No Added Sugar.,0,ajwain provides relief coughing improves airflow lungs saunf added chai aids cough congestion relief goodness fresh carom fennel seeds added chai brewed perfection fresh milk best tea leaves assam added sugar,ajwain saunf chai mega flask added sugar,fresh added relief,31,7
0,Chai Point,Villaymma Layouts,4.3,1000,Combos,Yellow Delight,239,Mango Shake and Choco Muffin,0,mango shake choco muffin,yellow delight,shake choco muffin,4,2
0,Chai Point,Villaymma Layouts,4.3,1000,Combos,Hazel Zing,239,Lemon Ice Chai and Banana Cake,0,lemon ice chai banana cake,hazel zing,ice banana cake,5,2
0,Chai Point,Villaymma Layouts,4.3,1000,Combos,Namma Bengaluru,199,Ginger Chai Uniflask & Banana Cake,0,ginger chai uniflask banana cake,namma bengaluru,banana cake uniflask,5,2
0,Chai Point,Villaymma Layouts,4.3,1000,Combos,Kolkata Googly,289,Anda Paratha with Cranberry Ice Chai,0,anda paratha cranberry ice chai,kolkata googly,ice anda cranberry,5,2
0,Chai Point,Villaymma Layouts,4.3,1000,Combos,Mumbai Special,179,Masala Chai Uniflask and Vada Pav,0,masala chai uniflask vada pav,mumbai special,uniflask pav vada,5,2
0,Chai Point,Villaymma Layouts,4.3,1000,Combos,Royal Hyderabad,249,Freshly made Bun Omelette with Orange and Mint Ice Chai,0,freshly bun omelette orange mint ice chai,royal hyderabad,omelette bun orange,7,2
0,Chai Point,Villaymma Layouts,4.3,1000,Combos,Delhi Delight,299,Anda Chicken Seekh Roll with Lemon Iced Chai,0,anda chicken seekh roll lemon iced chai,delhi delight,anda iced seekh,7,2
0,Chai Point,Villaymma Layouts,4.3,1000,Combos,Rajasthan Spin Snack,299,Banana Strawberry BFF With Paneer Tikka Sandwich,0,banana strawberry bff paneer tikka sandwich,rajasthan spin snack,strawberry tikka bff,6,3
0,Chai Point,Villaymma Layouts,4.3,1000,Combos,Caribbean MOOD + Banana Cake,269,Caribbean MOOD and Banana Cake,0,caribbean mood banana cake,caribbean mood banana cake,cake mood caribbean,4,4
0,Chai Point,Villaymma Layouts,4.3,1000,Combos,Guilt Free Combo,349,Ayurvedic Chai Uniflask With Multiseed Cookies Family Pack,0,ayurvedic chai uniflask multiseed cookies family pack,guilt free combo,multiseed ayurvedic family,7,3
0,Chai Point,Villaymma Layouts,4.3,1000,Combos,Family Lunch Combo,719,Rajma masala with Paratha and Loaded Paneer paratha and Loaded Aloo Paratha and Cranberry iced tea and Chocolate shake,0,rajma masala paratha loaded paneer paratha loaded aloo paratha cranberry iced tea chocolate shake,family lunch combo,rajma loaded paratha,14,3
0,Chai Point,Villaymma Layouts,4.3,1000,Combos,Family Dinner Combo,579,Darbari Chicken Paratha and Freshly made Bun Omelette and Lemon Ice Chai and Strawberry Banana Shake,0,darbari chicken paratha freshly bun omelette lemon ice chai strawberry banana shake,family dinner combo,strawberry bun darbari,12,3
0,Chai Point,Villaymma Layouts,4.3,1000,Combos,Bond of Love Combo,229,Aloo Tikki Peppy Roll With Cranberry Ice Chai,0,aloo tikki peppy roll cranberry ice chai,bond love combo,cranberry aloo tikki,7,3
0,Chai Point,Villaymma Layouts,4.3,1000,Cold Beverage,Ginger Lemon Ice Chai - 300ml,140,We have given the classic lemon iced chai a spicy twist with freshly pounded ginger juice. This drink definitely has a kick to it.,0,given classic lemon iced chai spicy twist freshly pounded ginger juice drink definitely kick,ginger lemon ice chai,definitely kick given,14,4
0,Chai Point,Villaymma Layouts,4.3,1000,Packaged Goods,Sipper Mug - Red (NEW),465,Sipper Mug - Red (NEW),0,sipper mug red new,sipper mug red new,new mug sipper,4,4
0,Chai Point,Villaymma Layouts,4.3,1000,Packaged Goods,Sipper Mug - Blue (NEW),592,Sipper Mug - Blue (NEW),0,sipper mug blue new,sipper mug blue new,mug sipper blue,4,4
0,Chai Point,Villaymma Layouts,4.3,1000,Hot Beverage,Black Filter Coffee Uniflask,115,Coffee is made by pouring hot water over roasted ground Coffee and dripping through a Filter.,0,coffee pouring hot water roasted ground coffee dripping filter,black filter coffee uniflask,dripping pouring coffee,9,4
0,Chai Point,Villaymma Layouts,4.3,1000,Hot Beverage,Elaichi Chai Megaflask ( Serves 8 - 10),340,Take a stroll down memory lane! Feel the warmth of real cardamoms in our earthy elaichi chai.,0,stroll memory lane feel warmth real cardamoms earthy elaichi chai,elaichi chai megaflask serves,lane stroll memory,10,4
0,Chai Point,Villaymma Layouts,4.3,1000,Hot Beverage,Lemon Grass Megaflask ( Serves 8 - 10),340,A hint of refreshing lemongrass is infused with handpicked tea leaves to brew your lemongrass Chai. Made with fresh milk.,0,hint refreshing lemongrass infused handpicked tea leaves brew lemongrass chai fresh milk,lemon grass megaflask serves,hint handpicked lemongrass,12,4
0,Chai Point,Villaymma Layouts,4.3,1000,Hot Beverage,Jaggery Chai - Uniflask (Serves 1-2),115,"The goodness of chai enhanced with the sweetness of jaggery, gives the jaggery chai a completely unique and memorable taste.",0,goodness chai enhanced sweetness jaggery gives jaggery chai completely unique memorable taste,jaggery chai uniflask serves,memorable completely jaggery,12,4
0,Chai Point,Villaymma Layouts,4.3,1000,Hot Beverage,Jaggery Chai Mini Flask ( Serves 4-5),185,"The freshest tea leaves sourced from the finest estates, brewed with fresh milk and sweetened with jaggery to you give our classic Chai experience with an earthy sweetness.",0,freshest tea leaves sourced finest estates brewed fresh milk sweetened jaggery classic chai experience earthy sweetness,jaggery chai mini flask serves,freshest experience sweetened,16,5
0,Chai Point,Villaymma Layouts,4.3,1000,Hot Beverage,Irani Chai Megaflask ( Serves 8 - 10),340,"Rich, dense milk slow-boiled with caramelised sugar. Made with fresh milk and the best tea leaves from Assam.",0,rich dense milk slow boiled caramelised sugar fresh milk best tea leaves assam,irani chai megaflask serves,dense slow milk,13,4
0,Chai Point,Villaymma Layouts,4.3,1000,Hot Beverage,Jaggery Chai Megaflask ( Serves 8 - 10),340,"The goodness of chai enhanced with the sweetness of jaggery, gives the jaggery chai a completely unique and memorable taste!",0,goodness chai enhanced sweetness jaggery gives jaggery chai completely unique memorable taste,jaggery chai megaflask serves,memorable completely jaggery,12,4
0,Chai Point,Villaymma Layouts,4.3,1000,Hot Beverage,Irani Chai Mini Flask ( Serves 4-5),185,"Rich, dense milk slow-boiled with caramelised sugar. Made with fresh milk and the best tea leaves from Assam.",0,rich dense milk slow boiled caramelised sugar fresh milk best tea leaves assam,irani chai mini flask serves,dense slow milk,13,5
0,Chai Point,Villaymma Layouts,4.3,1000,Hot Beverage,Irani Chai - UniFlask (Serves 1-2),115,"Rich, dense milk slow-boiled with caramelised sugar. Made with fresh milk and the best tea leaves from Assam.",0,rich dense milk slow boiled caramelised sugar fresh milk best tea leaves assam,irani chai uniflask serves,dense slow milk,13,4
0,Chai Point,Villaymma Layouts,4.3,1000,Hot Beverage,Kesar Elaichi Chai Mini Flask ( Serves 4-5),185,Kesar is an effective tonic to treat cold and fever.Fresh cardamom and fragrant kesar added to your Chai and brewed to perfection with an almondy twist. Made with fresh milk and the best tea leaves from Assam.,0,kesar effective tonic treat cold fever fresh cardamom fragrant kesar added chai brewed perfection almondy twist fresh milk best tea leaves assam,kesar elaichi chai mini flask serves,fever fresh kesar,22,6
0,Chai Point,Villaymma Layouts,4.3,1000,Hot Beverage,Kesar Elaichi Chai - UniFlask (Serves 1-2),115,Kesar is an effective tonic to treat cold and fever.Fresh cardamom and fragrant kesar added to your Chai and brewed to perfection with an almondy twist. Made with fresh milk and the best tea leaves from Assam.,0,kesar effective tonic treat cold fever fresh cardamom fragrant kesar added chai brewed perfection almondy twist fresh milk best tea leaves assam,kesar elaichi chai uniflask serves,fever fresh kesar,22,5
0,Chai Point,Villaymma Layouts,4.3,1000,Hot Beverage,Elaichi Chai Mini Flask ( Serves 4-5),185,Take A Stroll Down Memory Lane! Feel The Warmth Of Real Cardamoms In Our Earthy Elaichi Chai.,0,stroll memory lane feel warmth real cardamoms earthy elaichi chai,elaichi chai mini flask serves,lane stroll memory,10,5
0,Chai Point,Villaymma Layouts,4.3,1000,Hot Beverage,Cutting Chai - Uniflask (Serves 1-2),115,A piping hot flask of cutting chai delivered right to your doorstep. The flask serves 10 cups of tea and is assured to remain hot for 1 hour.,0,piping hot flask cutting chai delivered right doorstep flask serves cups tea assured remain hot hour,cutting chai uniflask serves,delivered hot flask,16,4
0,Chai Point,Villaymma Layouts,4.3,1000,Hot Beverage,Masala Chai Uniflask (Serves 1-2),115,"Cinnamon is used to cure coughing and sore throats. Cardamom helps improve airflow to the lungs and aids healthy breathing.A handpicked blend of 6 spices - cardamom, pepper, staranise, clove, ginger and cinnamon are infused with the best tea leaves to brew your refreshing cup of Chai. Made with fresh milk.",0,cinnamon cure coughing sore throats cardamom helps improve airflow lungs aids healthy breathing handpicked blend spices cardamom pepper staranise clove ginger cinnamon infused best tea leaves brew refreshing cup chai fresh milk,masala chai uniflask serves,breathing cardamom cinnamon,32,4
0,Chai Point,Villaymma Layouts,4.3,1000,Hot Beverage,Cutting Chai Mini Flask ( Serves 4-5),185,The freshest tea leaves are sourced from the finest estates and brewed with fresh milk to you give you our most classic Chai experience.,0,freshest tea leaves sourced finest estates brewed fresh milk classic chai experience,cutting chai mini flask serves,estates freshest experience,12,5
0,Chai Point,Villaymma Layouts,4.3,1000,Hot Beverage,Cutting Chai Megaflask ( Serves 8 - 10),340,The freshest tea leaves are sourced from the finest estates and brewed with fresh milk to you give you our most classic Chai experience.,0,freshest tea leaves sourced finest estates brewed fresh milk classic chai experience,cutting chai megaflask serves,estates freshest experience,12,4
0,Chai Point,Villaymma Layouts,4.3,1000,Hot Beverage,Sugarless Chai Mini Flask ( Serves 4-5),185,"The freshest tea leaves sourced from the finest estates, brewed with fresh milk without added sugar for a health-conscious beverage.",0,freshest tea leaves sourced finest estates brewed fresh milk added sugar health conscious beverage,sugarless chai mini flask serves,estates conscious health,14,5
0,Chai Point,Villaymma Layouts,4.3,1000,Hot Beverage,Masala Chai Mini Flask ( Serves 4-5),185,"Cinnamon is used to cure coughing and sore throats. Cardamom helps improve airflow to the lungs and aids healthy breathing.A handpicked blend of 6 spices - cardamom, pepper, staranise, clove, ginger and cinnamon are infused with the best tea leaves to brew your refreshing cup of Chai. Made with fresh milk.",0,cinnamon cure coughing sore throats cardamom helps improve airflow lungs aids healthy breathing handpicked blend spices cardamom pepper staranise clove ginger cinnamon infused best tea leaves brew refreshing cup chai fresh milk,masala chai mini flask serves,breathing cardamom cinnamon,32,5
0,Chai Point,Villaymma Layouts,4.3,1000,Hot Beverage,Ginger Chai Mini Flask ( Serves 4-5),185,Ginger helps ease the cold or flu while also curing nausea and related stomach problems.Fresh hand pounded ginger is added to your Chai and brewed to perfection. Made with fresh milk and the best tea leaves from Assam.,1,ginger helps ease cold flu curing nausea related stomach problems fresh hand pounded ginger added chai brewed perfection fresh milk best tea leaves assam,ginger chai mini flask serves,related curing ginger,24,5
0,Chai Point,Villaymma Layouts,4.3,1000,Hot Beverage,Sugarless Chai Megaflask ( Serves 8 - 10),340,"The freshest tea leaves sourced from the finest estates, brewed with fresh milk without added sugar for a health-conscious beverage.",0,freshest tea leaves sourced finest estates brewed fresh milk added sugar health conscious beverage,sugarless chai megaflask serves,estates conscious health,14,4
0,Chai Point,Villaymma Layouts,4.3,1000,Hot Beverage,Masala Chai Megaflask ( Serves 8 - 10),340,"Cinnamon is used to cure coughing and sore throats. Cardamom helps improve airflow to the lungs and aids healthy breathing.A handpicked blend of 6 spices - cardamom, pepper, staranise, clove, ginger and cinnamon are infused with the best tea leaves to brew your refreshing cup of Chai. Made with fresh milk.",0,cinnamon cure coughing sore throats cardamom helps improve airflow lungs aids healthy breathing handpicked blend spices cardamom pepper staranise clove ginger cinnamon infused best tea leaves brew refreshing cup chai fresh milk,masala chai megaflask serves,breathing cardamom cinnamon,32,4
0,Chai Point,Villaymma Layouts,4.3,1000,Hot Beverage,Ginger Chai Megaflask ( Serves 8 - 10),340,Ginger helps ease the cold or flu while also curing nausea and related stomach problems.Fresh hand pounded ginger is added to your Chai and brewed to perfection. Made with fresh milk and the best tea leaves from Assam.,0,ginger helps ease cold flu curing nausea related stomach problems fresh hand pounded ginger added chai brewed perfection fresh milk best tea leaves assam,ginger chai megaflask serves,related curing ginger,24,4
0,Chai Point,Villaymma Layouts,4.3,1000,Hot Beverage,Black Filter Coffee Mini Flask,185,Coffee is made by pouring hot water over roasted ground Coffee and dripping through a Filter.,0,coffee pouring hot water roasted ground coffee dripping filter,black filter coffee mini flask,dripping pouring coffee,9,5
0,Chai Point,Villaymma Layouts,4.3,1000,Hot Beverage,Ginger Chai - Uniflask (Serves 1-2),115,Ginger helps ease the cold or flu while also curing nausea and related stomach problems.Fresh hand pounded ginger is added to your Chai and brewed to perfection. Made with fresh milk and the best tea leaves from Assam.,1,ginger helps ease cold flu curing nausea related stomach problems fresh hand pounded ginger added chai brewed perfection fresh milk best tea leaves assam,ginger chai uniflask serves,related curing ginger,24,4
0,Chai Point,Villaymma Layouts,4.3,1000,Hot Beverage,Elaichi Chai - Uniflask (Serves 1-2),115,Take a stroll down memory lane! Feel the warmth of real cardamoms in our earthy elaichi chai.,0,stroll memory lane feel warmth real cardamoms earthy elaichi chai,elaichi chai uniflask serves,lane stroll memory,10,4
0,Chai Point,Villaymma Layouts,4.3,1000,Hot Beverage,Kesar Elaichi Chai Megaflask ( Serves 8 - 10),340,Kesar is an effective tonic to treat cold and fever.Fresh cardamom and fragrant kesar added to your Chai and brewed to perfection with an almondy twist. Made with fresh milk and the best tea leaves from Assam.,0,kesar effective tonic treat cold fever fresh cardamom fragrant kesar added chai brewed perfection almondy twist fresh milk best tea leaves assam,kesar elaichi chai megaflask serves,fever fresh kesar,22,5
0,Chai Point,Villaymma Layouts,4.3,1000,Hot Beverage,Ayurvedic Chai Mini Flask ( Serves 4-5),185,"Milk Chai With The Goodness Of Ashwagandha, Tulsi, Turmeric , Mulethi, Pepper And Other Spices. A Thorough Immunity Booster.",0,milk chai goodness ashwagandha tulsi turmeric mulethi pepper spices thorough immunity booster,ayurvedic chai mini flask serves,thorough booster ashwagandha,12,5
0,Chai Point,Villaymma Layouts,4.3,1000,Hot Beverage,Filter Coffee Uniflask,115,Experience the taste of authentic filter coffee at every sip.,0,experience taste authentic filter coffee sip,filter coffee uniflask,experience taste sip,6,3
0,Chai Point,Villaymma Layouts,4.3,1000,Hot Beverage,Ayurvedic Chai - Uniflask (Serves 1-2),115,Ayurvedic Chai Uni Flask,0,ayurvedic chai uni flask,ayurvedic chai uniflask serves,flask ayurvedic uni,4,4
0,Chai Point,Villaymma Layouts,4.3,1000,Hot Beverage,Filter Coffee Megaflask ( Serves 8 - 10),340,Experience the taste of authentic filter coffee at every sip.,0,experience taste authentic filter coffee sip,filter coffee megaflask serves,experience taste sip,6,4
0,Chai Point,Villaymma Layouts,4.3,1000,Hot Beverage,Kashmiri Kawah -  Mega Flask ( Serves 8 - 10),340,"Whole green tea with cinnamon and cardamom, garnished with almonds and saffron.",0,green tea cinnamon cardamom garnished almonds saffron,kashmiri kawah mega flask serves,almonds saffron garnished,7,5
0,Chai Point,Villaymma Layouts,4.3,1000,Hot Beverage,Kashmiri Kawah Mini Flask ( Serves 4-5),185,"Whole green tea with cinnamon and cardamom, garnished with almonds and saffron.",0,green tea cinnamon cardamom garnished almonds saffron,kashmiri kawah mini flask serves,almonds saffron garnished,7,5
0,Chai Point,Villaymma Layouts,4.3,1000,Hot Beverage,Kashmiri Kawah - UniFlask (Serves 1-2),115,"Whole green tea with cinnamon and cardamom, garnished with almonds and saffron.",0,green tea cinnamon cardamom garnished almonds saffron,kashmiri kawah uniflask serves,almonds saffron garnished,7,4
0,Chai Point,Villaymma Layouts,4.3,1000,Hot Beverage,Sulemani Chai - Uniflask (Serves 1-2),115,"Cloves are rich in anti-oxidants while lemon strengthens your immune system and helps fight the common cold.The goodness of cardamom, clove and cinnamon pounded and infused with fresh lemon-ginger juice and the finest tea leaves for a refreshing edge to your favourite beverage.",0,cloves rich anti oxidants lemon strengthens immune helps fight common cold goodness cardamom clove cinnamon pounded infused fresh lemon ginger juice finest tea leaves refreshing edge favourite beverage,sulemani chai uniflask serves,oxidants anti lemon,28,4
0,Chai Point,Villaymma Layouts,4.3,1000,Hot Beverage,Sulemani Chai Mini Flask ( Serves 4-5),185,"Cloves are rich in anti-oxidants while lemon strengthens your immune system and helps fight the common cold.The goodness of cardamom, clove and cinnamon pounded and infused with fresh lemon-ginger juice and the finest tea leaves for a refreshing edge to your favourite beverage.",0,cloves rich anti oxidants lemon strengthens immune helps fight common cold goodness cardamom clove cinnamon pounded infused fresh lemon ginger juice finest tea leaves refreshing edge favourite beverage,sulemani chai mini flask serves,oxidants anti lemon,28,5
0,Chai Point,Villaymma Layouts,4.3,1000,Hot Beverage,Sulemani Chai Megaflask ( Serves 8 - 10),340,"Cloves are rich in anti-oxidants while lemon strengthens your immune system and helps fight the common cold.The goodness of cardamom, clove and cinnamon pounded and infused with fresh lemon-ginger juice and the finest tea leaves for a refreshing edge to your favourite beverage.",0,cloves rich anti oxidants lemon strengthens immune helps fight common cold goodness cardamom clove cinnamon pounded infused fresh lemon ginger juice finest tea leaves refreshing edge favourite beverage,sulemani chai megaflask serves,oxidants anti lemon,28,4
0,Chai Point,Villaymma Layouts,4.3,1000,Hot Beverage,Lemon Grass - Uniflask (Serves 1-2),115,A hint of refreshing lemongrass is infused with handpicked tea leaves to brew your lemongrass Chai. Made with fresh milk.,0,hint refreshing lemongrass infused handpicked tea leaves brew lemongrass chai fresh milk,lemon grass uniflask serves,hint handpicked lemongrass,12,4
0,Chai Point,Villaymma Layouts,4.3,1000,Hot Beverage,Lemon Grass Mini Flask ( Serves 4-5),185,A hint of refreshing lemongrass is infused with handpicked tea leaves to brew your lemongrass Chai. Made with fresh milk.,0,hint refreshing lemongrass infused handpicked tea leaves brew lemongrass chai fresh milk,lemon grass mini flask serves,hint handpicked lemongrass,12,5
0,Chai Point,Villaymma Layouts,4.3,1000,Hot Beverage,Hot Green Chai - Uniflask (Serves 1-2),115,Our green chai is a healthy option infused with cardamom and cinnamon.,0,green chai healthy option infused cardamom cinnamon,hot green chai uniflask serves,infused healthy option,7,5
0,Chai Point,Villaymma Layouts,4.3,1000,Hot Beverage,Filter Coffee Mini Flask,185,Mini Flask - 500 ML (Serves 4-5).,0,mini flask serves,filter coffee mini flask,serves flask mini,3,4
0,Chai Point,Villaymma Layouts,4.3,1000,Hot Beverage,Hot Green Chai Mini Flask ( Serves 4-5),185,Mini Flask - 500 ML (Serves 4-5),0,mini flask serves,hot green chai mini flask serves,serves flask mini,3,6
0,Chai Point,Villaymma Layouts,4.3,1000,Hot Beverage,Ayurvedic Chai Megaflask ( Serves 8 - 10),340,"Milk Chai With The Goodness Of Ashwagandha, Tulsi, Turmeric , Mulethi, Pepper And Other Spices. A Thorough Immunity Booster.",0,milk chai goodness ashwagandha tulsi turmeric mulethi pepper spices thorough immunity booster,ayurvedic chai megaflask serves,thorough booster ashwagandha,12,4
0,Chai Point,Villaymma Layouts,4.3,1000,Hot Beverage,Lemon Chai - Uniflask (Serves 1-2),115,Freshly squeezed lemon is added to your Chai and brewed to perfection. Made with fresh tea leaves sourced from the best gardens.,0,freshly squeezed lemon added chai brewed perfection fresh tea leaves sourced best gardens,lemon chai uniflask serves,freshly gardens squeezed,13,4
0,Chai Point,Villaymma Layouts,4.3,1000,Hot Beverage,Kesar Elaichi Chai Mini Flask (No Added Sugar),185,Kesar is an effective tonic to treat cold and fever.Fresh cardamom and fragrant kesar added to your Chai and brewed to perfection with an almondy twist. Made with fresh milk and the best tea leaves from Assam. No Added Sugar.,0,kesar effective tonic treat cold fever fresh cardamom fragrant kesar added chai brewed perfection almondy twist fresh milk best tea leaves assam added sugar,kesar elaichi chai mini flask added sugar,fresh added kesar,24,7
0,Chai Point,Villaymma Layouts,4.3,1000,Hot Beverage,Kesar Elaichi Chai Mega Flask (No Added Sugar),340,Kesar is an effective tonic to treat cold and fever.Fresh cardamom and fragrant kesar added to your Chai and brewed to perfection with an almondy twist. Made with fresh milk and the best tea leaves from Assam. No Added Sugar.,0,kesar effective tonic treat cold fever fresh cardamom fragrant kesar added chai brewed perfection almondy twist fresh milk best tea leaves assam added sugar,kesar elaichi chai mega flask added sugar,fresh added kesar,24,7
0,Chai Point,Villaymma Layouts,4.3,1000,Hot Beverage,Lemon Chai Megaflask ( Serves 8 - 10),340,Freshly squeezed lemon is added to your Chai and brewed to perfection. Made with fresh tea leaves sourced from the best gardens.,0,freshly squeezed lemon added chai brewed perfection fresh tea leaves sourced best gardens,lemon chai megaflask serves,freshly gardens squeezed,13,4
0,Chai Point,Villaymma Layouts,4.3,1000,Hot Beverage,Kesar Elaichi Chai Uni Flask (No Added Sugar),115,Kesar is an effective tonic to treat cold and fever.Fresh cardamom and fragrant kesar added to your Chai and brewed to perfection with an almondy twist. Made with fresh milk and the best tea leaves from Assam. No Added Sugar.,0,kesar effective tonic treat cold fever fresh cardamom fragrant kesar added chai brewed perfection almondy twist fresh milk best tea leaves assam added sugar,kesar elaichi chai uni flask added sugar,fresh added kesar,24,7
0,Chai Point,Villaymma Layouts,4.3,1000,Hot Beverage,Ginger Lemon Chai Megaflask ( Serves 8 - 10),340,Ginger helps ease the cold or flu and relieves nausea. Lemon strengthens your immune system and helps fight the common cold.Fresh hand pounded ginger and lemon juice is added to your Chai and brewed to perfection. Made with fresh tea leaves sourced from the best gardens.,0,ginger helps ease cold flu relieves nausea lemon strengthens immune helps fight common cold fresh hand pounded ginger lemon juice added chai brewed perfection fresh tea leaves sourced best gardens,ginger lemon chai megaflask serves,ginger cold helps,30,5
0,Chai Point,Villaymma Layouts,4.3,1000,Hot Beverage,Lemon Chai Mini Flask ( Serves 4-5),185,Freshly squeezed lemon is added to your Chai and brewed to perfection. Made with fresh tea leaves sourced from the best gardens.,0,freshly squeezed lemon added chai brewed perfection fresh tea leaves sourced best gardens,lemon chai mini flask serves,freshly gardens squeezed,13,5
0,Chai Point,Villaymma Layouts,4.3,1000,Hot Beverage,Ginger Lemon Mini Flask ( Serves 4-5),185,Ginger helps ease the cold or flu and relieves nausea. Lemon strengthens your immune system and helps fight the common cold.Fresh hand pounded ginger and lemon juice is added to your Chai and brewed to perfection. Made with fresh tea leaves sourced from the best gardens.,0,ginger helps ease cold flu relieves nausea lemon strengthens immune helps fight common cold fresh hand pounded ginger lemon juice added chai brewed perfection fresh tea leaves sourced best gardens,ginger lemon mini flask serves,ginger cold helps,30,5
0,Chai Point,Villaymma Layouts,4.3,1000,Hot Beverage,Hot Green Chai Megaflask ( Serves 8 - 10),340,Our green chai is a healthy option infused with cardamom and cinnamon.,0,green chai healthy option infused cardamom cinnamon,hot green chai megaflask serves,infused healthy option,7,5
1,Craving O Clock,Btm 2nd Stage,4.3,100,Burger,All American Veg Burger,249,"Double delight of a vegetable patty and potato patty served with onion rings, iceberg lettuce, gherkins, jalapeno; dressed with cheese mayo and burger mayo.",0,double delight vegetable patty potato patty served onion rings iceberg lettuce gherkins jalapeno dressed cheese mayo burger mayo,american veg burger,rings mayo patty,18,3
1,Craving O Clock,Btm 2nd Stage,4.3,100,Sandwiches,Tandoori Chicken Sandwich,199,"Grilled sandwich with chopped onion, tandoori masala, shredded chicken, chopped coriander; dressed with cheese mayo, chili garlic sauce, tandoori mayo",1,grilled sandwich chopped onion tandoori masala shredded chicken chopped coriander dressed cheese mayo chili garlic sauce tandoori mayo,tandoori chicken sandwich,mayo tandoori chopped,18,3
1,Craving O Clock,Btm 2nd Stage,4.3,100,Sandwiches,Peri Peri Chicken Sandwich,199,"Grilled sandwich with chopped onion, peri peri masala, shredded chicken, chopped coriander ; dressed with cheese mayo, chili garlic sauce, tandoori mayo",0,grilled sandwich chopped onion peri peri masala shredded chicken chopped coriander dressed cheese mayo chili garlic sauce tandoori mayo,peri peri chicken sandwich,mayo chopped peri,19,4
1,Craving O Clock,Btm 2nd Stage,4.3,100,Sandwiches,Classic Chicken Sandwich,199,"Grilled sandwich with boiled shredded chicken, onion, fresh coriander leaves, gherkins, jalapeno, olives; dressed with classic mayonnaise, chili garlic sauce",1,grilled sandwich boiled shredded chicken onion fresh coriander leaves gherkins jalapeno olives dressed classic mayonnaise chili garlic sauce,classic chicken sandwich,gherkins mayonnaise olives,18,3
1,Craving O Clock,Btm 2nd Stage,4.3,100,Sandwiches,Peri Peri Paneer Sandwich,185,"Grilled sandwich with chopped onion, chopped coriander, peri peri paneer cubes; dressed with cheese mayo, tandoori mayo & thousand island mayo",0,grilled sandwich chopped onion chopped coriander peri peri paneer cubes dressed cheese mayo tandoori mayo thousand island mayo,peri peri paneer sandwich,chopped peri mayo,18,4
1,Craving O Clock,Btm 2nd Stage,4.3,100,Sandwiches,Tandoori Paneer Sandwich,185,"Grilled sandwich with chopped onion, chopped coriander, tandoori paneer cubes; dressed with cheese mayo, tandoori mayo & thousand island mayo",0,grilled sandwich chopped onion chopped coriander tandoori paneer cubes dressed cheese mayo tandoori mayo thousand island mayo,tandoori paneer sandwich,tandoori chopped mayo,17,3
1,Craving O Clock,Btm 2nd Stage,4.3,100,Sandwiches,Cheese Corn Grilled Sandwich,145,"Grilled sandwich with sweet corn, chopped onion, chopped coriander, dressed with cheese mayo, thousand island mayo, chilli garlic sauce and cheese slice.",0,grilled sandwich sweet corn chopped onion chopped coriander dressed cheese mayo thousand island mayo chilli garlic sauce cheese slice,cheese corn grilled sandwich,mayo cheese chopped,19,4
1,Craving O Clock,Btm 2nd Stage,4.3,100,Sandwiches,Chicken Club Grilled Sandwich,275,"Double decker grilled sandwich with shredded chicken, onion, sweet corn, olives, jalapeno, scrambled egg; dressed with cheese mayo, chili garlic sauce, thousand island mayo.",0,double decker grilled sandwich shredded chicken onion sweet corn olives jalapeno scrambled egg dressed cheese mayo chili garlic sauce thousand island mayo,chicken club grilled sandwich,scrambled decker mayo,22,4
1,Craving O Clock,Btm 2nd Stage,4.3,100,Burger,Crunchy Paneer Burger,199,"Homemade paneer patty; fried to perfection, dressed with in-house blend of mayo and orange sauces, topped with fresh veggies.",1,homemade paneer patty fried perfection dressed house blend mayo orange sauces topped fresh veggies,crunchy paneer burger,homemade orange sauces,14,3
1,Craving O Clock,Btm 2nd Stage,4.3,100,Burger,Tandoori Zinger Chicken Burger,235,Tandoori Zinger Chicken Burger,0,tandoori zinger chicken burger,tandoori zinger chicken burger,tandoori burger zinger,4,4
1,Craving O Clock,Btm 2nd Stage,4.3,100,Burger,Double Crisp Cross Chicken Burger,355,"Double crispy fried chicken layered with special red sauce, topped with onion slices, iceberg lettuce; dressed with burger mayo, cheese mayo, cheese slice, gherkin and jalapeno.",0,double crispy fried chicken layered special red sauce topped onion slices iceberg lettuce dressed burger mayo cheese mayo cheese slice gherkin jalapeno,double crisp cross chicken burger,slices mayo cheese,22,5
1,Craving O Clock,Btm 2nd Stage,4.3,100,Burger,All American Chicken Burger,345,"Double delight of a chicken zinger served with onion rings, iceberg lettuce, gherkins, jalapeno; dressed with special yellow mayo and tandoori mayo and cheese slice.",0,double delight chicken zinger served onion rings iceberg lettuce gherkins jalapeno dressed special yellow mayo tandoori mayo cheese slice,american chicken burger,zinger yellow mayo,19,3
1,Craving O Clock,Btm 2nd Stage,4.3,100,Burger,All American Chicken Supreme Burger,325,"Double delight of a chicken patty served with onion rings, iceberg lettuce, gherkins, jalapeno; dressed with cheese mayo and burger mayo.",0,double delight chicken patty served onion rings iceberg lettuce gherkins jalapeno dressed cheese mayo burger mayo,american chicken supreme burger,gherkins rings mayo,16,4
1,Craving O Clock,Btm 2nd Stage,4.3,100,Burger,Peri Peri Chicken Burger,225,"Chicken slice marinated in in-house made peri peri sauce; grilled to perfection, dressed with blend of green sauce and mayo, topped with veggies",1,chicken slice marinated house peri peri sauce grilled perfection dressed blend green sauce mayo topped veggies,peri peri chicken burger,marinated sauce peri,16,4
1,Craving O Clock,Btm 2nd Stage,4.3,100,Burger,Tandoori Chicken Burger,225,"Chicken slice marinated in in-house made tandoori paste; grilled to perfection , dressed and topped with special green mayo , coleslaw, veggies",0,chicken slice marinated house tandoori paste grilled perfection dressed topped special green mayo coleslaw veggies,tandoori chicken burger,marinated coleslaw paste,15,3
1,Craving O Clock,Btm 2nd Stage,4.3,100,Burger,Zinger Chicken Burger,225,"Crispy chicken patty, dressed with thousand island sauce, topped with red onions and iceberg lettuce.",1,crispy chicken patty dressed thousand island sauce topped red onions iceberg lettuce,zinger chicken burger,island thousand onions,12,3
1,Craving O Clock,Btm 2nd Stage,4.3,100,Burger,Crisp Cross Chicken Burger,235,"Crispy fried chicken layered with special red sauce, topped with onion slices, iceberg lettuce; dressed with burger mayo, cheese mayo.",1,crispy fried chicken layered special red sauce topped onion slices iceberg lettuce dressed burger mayo cheese mayo,crisp cross chicken burger,fried slices mayo,17,4
1,Craving O Clock,Btm 2nd Stage,4.3,100,Burger,Chicken Supreme Burger,210,"Crispy chicken patty, topped with iceberg lettuce, jalapeno, gherkin, special creamy mayo",0,crispy chicken patty topped iceberg lettuce jalapeno gherkin special creamy mayo,chicken supreme burger,special jalapeno gherkin,11,3
1,Craving O Clock,Btm 2nd Stage,4.3,100,Burger,Egg Jalapeno Gherkin Burger,155,"Double egg omelette , dressed with chill garlic sauce, classic burger mayonnaise, topped with veggies, served in a toasted bun",0,double egg omelette dressed chill garlic sauce classic burger mayonnaise topped veggies served toasted bun,egg jalapeno gherkin burger,mayonnaise toasted chill,15,4
1,Craving O Clock,Btm 2nd Stage,4.3,100,Wraps,Classic Paneer Wrap,235,"Crispy paneer patty, iceberg lettuce, onion; wrapped in a flour tortilla; dressed with classic mayo, tandoori mayo.",0,crispy paneer patty iceberg lettuce onion wrapped flour tortilla dressed classic mayo tandoori mayo,classic paneer wrap,tortilla patty mayo,14,3
1,Craving O Clock,Btm 2nd Stage,4.3,100,Burger,Veggie Supreme Jalapeno Burger,155,"Crispy vegetable patty, topped with veggies, special creamy mayo",1,crispy vegetable patty topped veggies special creamy mayo,veggie supreme jalapeno burger,special veggies vegetable,8,4
1,Craving O Clock,Btm 2nd Stage,4.3,100,Wraps,Tandoori Paneer Wrap,235,"Tandoori grilled paneer slice, iceberg lettuce, onion; wrapped in a flour tortilla; dressed with classic mayo, tandoori mayo, chili garlic sauce.",0,tandoori grilled paneer slice iceberg lettuce onion wrapped flour tortilla dressed classic mayo tandoori mayo chili garlic sauce,tandoori paneer wrap,tortilla mayo tandoori,18,3
1,Craving O Clock,Btm 2nd Stage,4.3,100,Cold Beverage,Green Apple Mojito,155,A refreshing lemonade with green apple crush and lemon,0,refreshing lemonade green apple crush lemon,green apple mojito,lemonade crush apple,6,3
1,Craving O Clock,Btm 2nd Stage,4.3,100,Wraps,Crispy Veg Wrap,175,"Crispy vegetable patty, iceberg lettuce, onion; wrapped in a flour tortilla, dressed with classic mayo, thousand island mayo.",0,crispy vegetable patty iceberg lettuce onion wrapped flour tortilla dressed classic mayo thousand island mayo,crispy veg wrap,thousand vegetable mayo,15,3
1,Craving O Clock,Btm 2nd Stage,4.3,100,Wraps,Peri Peri Paneer Wrap,235,"Peri peri grilled paneer slice, iceberg lettuce, onion; wrapped in a flour tortilla; dressed with classic mayo, tandoori mayo, chili garlic sauce.",0,peri peri grilled paneer slice iceberg lettuce onion wrapped flour tortilla dressed classic mayo tandoori mayo chili garlic sauce,peri peri paneer wrap,tortilla mayo peri,19,4
1,Craving O Clock,Btm 2nd Stage,4.3,100,Cold Beverage,Kitkat Oreo Blast,249,"A super thick chocolatey shake made with chocolate ice cream , kitkat chocolate, oreo cookies, milk & chocolate sauce",0,super chocolatey shake chocolate ice cream kitkat chocolate oreo cookies milk chocolate sauce,kitkat oreo blast,super kitkat chocolate,13,3
1,Craving O Clock,Btm 2nd Stage,4.3,100,Cold Beverage,Chocolate KitKat Blast,239,"A super thick chocolatey shake made with chocolate ice cream , kitkat chocolate, milk & chocolate sauce",0,super chocolatey shake chocolate ice cream kitkat chocolate milk chocolate sauce,chocolate kitkat blast,super kitkat chocolate,11,3
1,Craving O Clock,Btm 2nd Stage,4.3,100,Cold Beverage,Exotic Blackcurrant Shake,235,"Classic and thick shake made with vanilla ice cream, milk, blackcurrant crush",0,classic shake vanilla ice cream milk blackcurrant crush,exotic blackcurrant shake,vanilla crush blackcurrant,8,3
1,Craving O Clock,Btm 2nd Stage,4.3,100,Cold Beverage,Exotic Mango Shake,235,"Classic and thick shake made with vanilla ice cream, milk, mango crush",0,classic shake vanilla ice cream milk mango crush,exotic mango shake,shake vanilla crush,8,3
1,Craving O Clock,Btm 2nd Stage,4.3,100,Cold Beverage,Exotic Strawberry Shake,220,"Classic and thick shake made with vanilla ice cream, milk, strawberry crush",0,classic shake vanilla ice cream milk strawberry crush,exotic strawberry shake,vanilla crush strawberry,8,3
1,Craving O Clock,Btm 2nd Stage,4.3,100,Cold Beverage,Choco Mocha Frappe,220,A chocolatey version of our thick cold coffee frappe,0,chocolatey version cold coffee frappe,choco mocha frappe,chocolatey frappe version,5,3
1,Craving O Clock,Btm 2nd Stage,4.3,100,Cold Beverage,Blackcurrant Mojito,155,A refreshing lemonade with blackcurrant crush and lemon,0,refreshing lemonade blackcurrant crush lemon,blackcurrant mojito,lemonade crush blackcurrant,5,2
1,Craving O Clock,Btm 2nd Stage,4.3,100,Cold Beverage,Masala Mojito,155,"Classic lemonade with a twist of indian spices, made with freshly squeezed lemon juice",0,classic lemonade twist indian spices freshly squeezed lemon juice,masala mojito,indian lemonade squeezed,9,2
1,Craving O Clock,Btm 2nd Stage,4.3,100,Cold Beverage,Strawberry Mojito,155,A refreshing lemonade with strawberry crush and lemon,0,refreshing lemonade strawberry crush lemon,strawberry mojito,lemonade crush strawberry,5,2
1,Craving O Clock,Btm 2nd Stage,4.3,100,Cold Beverage,Chocolate Oreo Blast,235,"A super thick chocolatey shake made with chocolate ice cream , oreo cookies, milk & chocolate sauce",0,super chocolatey shake chocolate ice cream oreo cookies milk chocolate sauce,chocolate oreo blast,chocolatey super chocolate,11,3
1,Craving O Clock,Btm 2nd Stage,4.3,100,Cold Beverage,Mango Mojito,155,A refreshing lemonade with mango crush and lemon,0,refreshing lemonade mango crush lemon,mango mojito,mango lemonade crush,5,2
1,Craving O Clock,Btm 2nd Stage,4.3,100,Cold Beverage,Blue Curacao Mojito,155,A refreshing lemonade with monin blue curacao syrup and lemon.,0,refreshing lemonade monin blue curacao syrup lemon,blue curacao mojito,blue monin curacao,7,3
1,Craving O Clock,Btm 2nd Stage,4.3,100,Cold Beverage,Kala Khatta Mojito,155,"A refreshing lemonade with kala khatta syrup, lemon and indian spices",0,refreshing lemonade kala khatta syrup lemon indian spices,kala khatta mojito,syrup khatta kala,8,3
1,Craving O Clock,Btm 2nd Stage,4.3,100,Cold Beverage,Virgin Mojito,155,Classic lemonade made with freshly squeezed lemon juice and mint leaves,1,classic lemonade freshly squeezed lemon juice mint leaves,virgin mojito,juice lemonade squeezed,8,2
1,Craving O Clock,Btm 2nd Stage,4.3,100,Breakfast and Snacks,Peri Peri French Fries,145,Crispy french fries sprinkled with homemade peri peri masala.,1,crispy french fries sprinkled homemade peri peri masala,peri peri french fries,fries french peri,8,4
1,Craving O Clock,Btm 2nd Stage,4.3,100,Wraps,Peri Peri Chicken Wrap,269,"Peri peri grilled chicken slice, iceberg lettuce, onion; wrapped in a flour tortilla; dressed with classic mayo, tandoori mayo.",0,peri peri grilled chicken slice iceberg lettuce onion wrapped flour tortilla dressed classic mayo tandoori mayo,peri peri chicken wrap,tortilla mayo peri,16,4
1,Craving O Clock,Btm 2nd Stage,4.3,100,Wraps,Tandoori Chicken Wrap,269,"Tandoori grilled chicken slice, iceberg lettuce, onion; wrapped in a flour tortilla; dressed with classic mayo, tandoori mayo.",0,tandoori grilled chicken slice iceberg lettuce onion wrapped flour tortilla dressed classic mayo tandoori mayo,tandoori chicken wrap,tortilla mayo tandoori,15,3
1,Craving O Clock,Btm 2nd Stage,4.3,100,Wraps,Zinger Chicken Wrap,269,"Crispy fried chicken breast, iceberg lettuce, onion; wrapped in a flour tortilla; dressed with classic mayo, thousand island mayo.",1,crispy fried chicken breast iceberg lettuce onion wrapped flour tortilla dressed classic mayo thousand island mayo,zinger chicken wrap,fried breast mayo,16,3
1,Craving O Clock,Btm 2nd Stage,4.3,100,Cold Beverage,Guava Mojito,155,A refreshing lemonade with guava crush and lemon,0,refreshing lemonade guava crush lemon,guava mojito,lemonade crush guava,5,2
1,Craving O Clock,Btm 2nd Stage,4.3,100,Wraps,Egg Wrap,158,"Egg omelette, iceberg lettuce, onion; wrapped in a flour tortilla; dressed with classic mayo, chili garlic sauce.",0,egg omelette iceberg lettuce onion wrapped flour tortilla dressed classic mayo chili garlic sauce,egg wrap,tortilla chili egg,14,2
2,Kwality Walls Frozen Dessert and Ice Cream Shop,Btm 2nd Stage,4.3,100,Icecream,Kesar Pista ,180,Royal delight in every bite! A rich and creamy scoop loaded with rich flavorful kesar and pieces of pista.,0,royal delight bite rich creamy scoop loaded rich flavorful kesar pieces pista,kesar pista,flavorful pista rich,12,2
2,Kwality Walls Frozen Dessert and Ice Cream Shop,Btm 2nd Stage,4.3,100,Cakes,Cassatta Cake [1000ml].,399,"A perfect cake for celebration! Creamy rainbow trio between crunchy cashew nuts, tutti frutti and soft cake.",0,perfect cake celebration creamy rainbow trio crunchy cashew nuts tutti frutti soft cake,cassatta cake,celebration trio cake,13,2
2,Kwality Walls Frozen Dessert and Ice Cream Shop,Btm 2nd Stage,4.3,100,Icecream,"Vanilla [Tub, 700ml]",145,Rich creamy vanilla dessert thats more vanilla-tasting than any vanilla you have ever tasted in all of vanillas entirety.,0,rich creamy vanilla dessert thats vanilla tasting vanilla tasted vanillas entirety,vanilla tub,tasting vanillas vanilla,11,2
2,Kwality Walls Frozen Dessert and Ice Cream Shop,Btm 2nd Stage,4.3,100,Icecream,"Alphonso Mango [Tub, 700ml]",170,Enjoy the delight of real  alphonso mango in a delicious creamy tub.  A fruit lover's ultimate delight!,0,enjoy delight real alphonso mango delicious creamy tub fruit lover ultimate delight,alphonso mango tub,enjoy ultimate delight,12,3
2,Kwality Walls Frozen Dessert and Ice Cream Shop,Btm 2nd Stage,4.3,100,Icecream,"Butterscotch [Tub, 700ml]",175,Creamy butterscotch tub loaded with chunks of caramel coated cashew nuts.,1,creamy butterscotch tub loaded chunks caramel coated cashew nuts,butterscotch tub,butterscotch caramel coated,9,2
2,Kwality Walls Frozen Dessert and Ice Cream Shop,Btm 2nd Stage,4.3,100,Icecream,"Tender Coconut [Tub, 500ml] ",229,Feel naturally refreshed with every bite. Creamy tub loaded with chunks of coconut in every scoop.,0,feel naturally refreshed bite creamy tub loaded chunks coconut scoop,tender coconut tub,bite refreshed coconut,10,3
2,Kwality Walls Frozen Dessert and Ice Cream Shop,Btm 2nd Stage,4.3,100,Icecream,"Oreo & Cream  [Tub, 700ml]",299,The Original Oreo Tub! Crunchy Oreo cookie chunks in rich creamy vanilla.,0,original oreo tub crunchy oreo cookie chunks rich creamy vanilla,oreo cream tub,cookie original oreo,10,3
2,Kwality Walls Frozen Dessert and Ice Cream Shop,Btm 2nd Stage,4.3,100,Icecream,"Creme Caramel [Tub, 700ml]",239,"Luxurious creme caramel, beautiful golden syrup and  chunks of choco cookies  in a creamy tub.",0,luxurious creme caramel beautiful golden syrup chunks choco cookies creamy tub,creme caramel tub,luxurious creme golden,11,3
2,Kwality Walls Frozen Dessert and Ice Cream Shop,Btm 2nd Stage,4.3,100,Icecream,"Darkly Divine Chocolate Sensation [Tub, 700ml]            ",239,A real chocolate indulgence made with rich cocoa. Loaded with choco chips & rich chocolate sauce in every creamy scoop.,1,real chocolate indulgence rich cocoa loaded choco chips rich chocolate sauce creamy scoop,darkly divine chocolate sensation tub,indulgence rich chocolate,13,5
2,Kwality Walls Frozen Dessert and Ice Cream Shop,Btm 2nd Stage,4.3,100,Icecream,Choco Brownie Fudge,299,Rich chocolate tub  full of chunky brownie pieces and chocolate fudge.   A tub that will make a dark chocolate lover Rock N Roll.,0,rich chocolate tub chunky brownie pieces chocolate fudge tub dark chocolate lover rock roll,choco brownie fudge,chunky tub chocolate,14,3
2,Kwality Walls Frozen Dessert and Ice Cream Shop,Btm 2nd Stage,4.3,100,Icecream,Cadbury Crackle ,349,A Cadbury lover's delight! Cadbury Crackle chunks in a rich creamy chocolate tub with swirls of rich chocolate sauce. A perfect partner for celebrations!,0,cadbury lover delight cadbury crackle chunks rich creamy chocolate tub swirls rich chocolate sauce perfect partner celebrations,cadbury crackle,rich chocolate cadbury,17,2
2,Kwality Walls Frozen Dessert and Ice Cream Shop,Btm 2nd Stage,4.3,100,Icecream,Cornetto Black Forest [110ml],65,Cornetto Black Forest [110ml],0,cornetto black forest,cornetto black forest,black forest cornetto,3,3
2,Kwality Walls Frozen Dessert and Ice Cream Shop,Btm 2nd Stage,4.3,100,Icecream,Chocolate ,145,Finest chocolate scoop made with rich cocoa. So rich & chocolatey that will make you go Choco Doodle Do.,0,finest chocolate scoop rich cocoa rich chocolatey choco doodle,chocolate,choco doodle rich,9,1
2,Kwality Walls Frozen Dessert and Ice Cream Shop,Btm 2nd Stage,4.3,100,Icecream,"Nice Fruit & Nut [Tub, 700ml]",239,"A dry fruit lover's paradise! Crunchy cashew nuts, almond and delicious raisins in every bite of creamy scoop.",0,dry fruit lover paradise crunchy cashew nuts almond delicious raisins bite creamy scoop,nice fruit nut tub,almond paradise dry,13,4
2,Kwality Walls Frozen Dessert and Ice Cream Shop,Btm 2nd Stage,4.3,100,Icecream,Tutti Frutti ,150,Rich creamy scoop loaded with tiny bites of tutti fruitty.,0,rich creamy scoop loaded tiny bites tutti fruitty,tutti frutti,tiny fruitty bites,8,2
2,Kwality Walls Frozen Dessert and Ice Cream Shop,Btm 2nd Stage,4.3,100,Icecream,Oreo and Cream Cup,60,Crunchy Oreo cookie chunks with rich and creamy vanilla in a cup.,1,crunchy oreo cookie chunks rich creamy vanilla cup,oreo cream cup,vanilla oreo cookie,8,3
2,Kwality Walls Frozen Dessert and Ice Cream Shop,Btm 2nd Stage,4.3,100,Icecream,Mango X 2,300,Mango X 2,0,mango,mango,fever zinger mango,1,1
2,Kwality Walls Frozen Dessert and Ice Cream Shop,Btm 2nd Stage,4.3,100,Icecream,Oreo X 2,350,Oreo X 2,0,oreo,oreo,fight zinger oreo,1,1
2,Kwality Walls Frozen Dessert and Ice Cream Shop,Btm 2nd Stage,4.3,100,Icecream,Kulfi X 2,360,Kulfi X 2,0,kulfi,kulfi,fight zinger kulfi,1,1
2,Kwality Walls Frozen Dessert and Ice Cream Shop,Btm 2nd Stage,4.3,100,Icecream,Butterscotch X 2,290,Butterscotch X 2,0,butterscotch,butterscotch,filled zinger butterscotch,1,1
2,Kwality Walls Frozen Dessert and Ice Cream Shop,Btm 2nd Stage,4.3,100,Icecream,Vanilla X 2,240,Vanilla X 2,0,vanilla,vanilla,fight zinger vanilla,1,1
2,Kwality Walls Frozen Dessert and Ice Cream Shop,Btm 2nd Stage,4.3,100,Icecream,Cornetto Double Chocolate  ,40,"A yummilicious duo of milk and dark chocolate topped with chocolate sauce, chocochips in a crunchy waffle cone.",0,yummilicious duo milk dark chocolate topped chocolate sauce chocochips crunchy waffle cone,cornetto double chocolate,cone chocochips chocolate,12,3
2,Kwality Walls Frozen Dessert and Ice Cream Shop,Btm 2nd Stage,4.3,100,Icecream,Magnum Almond  Ice Cream,90,"Expertly crafted ice cream with Madagascar vanilla, crunchy Australian almonds and Belgian chocolate.",1,expertly crafted ice cream madagascar vanilla crunchy australian almonds belgian chocolate,magnum almond ice cream,expertly australian madagascar,11,4
2,Kwality Walls Frozen Dessert and Ice Cream Shop,Btm 2nd Stage,4.3,100,Icecream,Magnum Brownie Ice Cream ,90,"Expertly crafted ice cream with brownie flavour, crunchy cashew and Belgian chocolate.",1,expertly crafted ice cream brownie flavour crunchy cashew belgian chocolate,magnum brownie ice cream,crafted brownie expertly,10,4
2,Kwality Walls Frozen Dessert and Ice Cream Shop,Btm 2nd Stage,4.3,100,Icecream,Magnum Chocolate Truffle Ice Cream,80,Rich chocolate ice cream with truffle sauce wrapped in thick Belgian chocolate.,0,rich chocolate ice cream truffle sauce wrapped belgian chocolate,magnum chocolate truffle ice cream,belgian truffle chocolate,9,5
2,Kwality Walls Frozen Dessert and Ice Cream Shop,Btm 2nd Stage,4.3,100,Icecream,Tender Coconut Cup ,50,Feel naturally refreshed with every bite. Creamy cup loaded with chunks of coconut.,1,feel naturally refreshed bite creamy cup loaded chunks coconut,tender coconut cup,bite coconut refreshed,9,3
2,Kwality Walls Frozen Dessert and Ice Cream Shop,Btm 2nd Stage,4.3,100,Icecream,"Kulfi Tub Ice Cream [Tub, 700ml]",265,Rich & creamy desi kulfi ice cream loaded with almonds and a twist of rose sauce. A perfect companion for hosting!,0,rich creamy desi kulfi ice cream loaded almonds twist rose sauce perfect companion hosting,kulfi tub ice cream tub,rose hosting companion,14,5
2,Kwality Walls Frozen Dessert and Ice Cream Shop,Btm 2nd Stage,4.3,100,Icecream,Kulfi Cup Ice Cream [100ml],50,Your favourite Desi Matka Kulfi! Rich creamy kulfi loaded with almonds - a desi delight for an  icecream lover.,1,favourite desi matka kulfi rich creamy kulfi loaded almonds desi delight icecream lover,kulfi cup ice cream,matka desi kulfi,13,4
2,Kwality Walls Frozen Dessert and Ice Cream Shop,Btm 2nd Stage,4.3,100,Icecream,Aamras Sorbet Stick [60ml x 2],60,Aamras All Year Round! Delicious mango stick made with pulp of real alphonso mangoes.,1,aamras year round delicious mango stick pulp real alphonso mangoes,aamras sorbet stick,stick year aamras,10,3
2,Kwality Walls Frozen Dessert and Ice Cream Shop,Btm 2nd Stage,4.3,100,Icecream,Cornetto Choco Vanilla x 4           ,140,A yummilicious duo of rich and creamy vanilla  topped with chocolate sauce and chocochips in a crunchy waffle cone,0,yummilicious duo rich creamy vanilla topped chocolate sauce chocochips crunchy waffle cone,cornetto choco vanilla,yummilicious cone chocochips,12,3
2,Kwality Walls Frozen Dessert and Ice Cream Shop,Btm 2nd Stage,4.3,100,Icecream,Strawberry,120,A fruit lover's delight. A scoop that tastes like fresh strawberries.,0,fruit lover delight scoop tastes like fresh strawberries,strawberry,like strawberries tastes,8,1
2,Kwality Walls Frozen Dessert and Ice Cream Shop,Btm 2nd Stage,4.3,100,Icecream,Trixy blueberry cheesecake Sundae,70,"Parlour like fun in a cup! 3 delicious layers - blueberry sauce, creamy cheesecake dessert  and crunchy cinnamon cookies.",0,parlour like fun cup delicious layers blueberry sauce creamy cheesecake dessert crunchy cinnamon cookies,trixy blueberry cheesecake sundae,parlour blueberry cheesecake,14,4
